PassengerId,Pclass,Sex,SibSp,Parch,Cabin,Embarked,Title,Age_Bin,Fare_Bin,Num_Family
1,3,male,1,0,M,S, Mr,"(20, 30]","(0, 20]",2
2,1,female,1,0,C,C,Mrs,"(30, 40]","(20, 40]",2
3,3,female,0,0,M,S,Ms,"(20, 30]","(0, 20]",1
4,1,female,1,0,C,S,Mrs,"(30, 40]","(20, 40]",2
5,3,male,0,0,M,S, Mr,"(30, 40]","(0, 20]",1
6,3,male,0,0,M,Q, Mr,"(20, 30]","(0, 20]",1
7,1,male,0,0,E,S, Mr,"(50, 60]","(20, 40]",1
8,3,male,3,1,M,S,Nobility,"(0, 10]","(0, 20]",5
9,3,female,0,2,M,S,Mrs,"(20, 30]","(0, 20]",3
10,2,female,1,0,M,C,Mrs,"(10, 20]","(0, 20]",2
11,3,female,1,1,G,S,Ms,"(0, 10]","(0, 20]",3
12,1,female,0,0,C,S,Ms,"(50, 60]","(20, 40]",1
13,3,male,0,0,M,S, Mr,"(10, 20]","(0, 20]",1
14,3,male,1,5,M,S, Mr,"(30, 40]","(0, 20]",7
15,3,female,0,0,M,S,Ms,"(10, 20]","(0, 20]",1
16,2,female,0,0,M,S,Mrs,"(50, 60]","(0, 20]",1
17,3,male,4,1,M,Q,Nobility,"(0, 10]","(0, 20]",6
18,2,male,0,0,M,S, Mr,"(20, 30]","(0, 20]",1
19,3,female,1,0,M,S,Mrs,"(30, 40]","(0, 20]",2
20,3,female,0,0,M,C,Mrs,"(20, 30]","(0, 20]",1
21,2,male,0,0,M,S, Mr,"(30, 40]","(0, 20]",1
22,2,male,0,0,D,S, Mr,"(30, 40]","(0, 20]",1
23,3,female,0,0,M,Q,Ms,"(10, 20]","(0, 20]",1
24,1,male,0,0,A,S, Mr,"(20, 30]","(20, 40]",1
25,3,female,3,1,M,S,Ms,"(0, 10]","(0, 20]",5
26,3,female,1,5,M,S,Mrs,"(30, 40]","(0, 20]",7
27,3,male,0,0,M,C, Mr,"(20, 30]","(0, 20]",1
28,1,male,3,2,C,S, Mr,"(10, 20]","(40, 60]",6
29,3,female,0,0,M,Q,Ms,"(20, 30]","(0, 20]",1
30,3,male,0,0,M,S, Mr,"(20, 30]","(0, 20]",1
31,1,male,0,0,M,C,Nobility,"(30, 40]","(20, 40]",1
32,1,female,1,0,B,C,Mrs,"(30, 40]","(40, 60]",2
33,3,female,0,0,M,Q,Ms,"(20, 30]","(0, 20]",1
34,2,male,0,0,M,S, Mr,"(60, 70]","(0, 20]",1
35,1,male,1,0,M,C, Mr,"(20, 30]","(40, 60]",2
36,1,male,1,0,M,S, Mr,"(40, 50]","(20, 40]",2
37,3,male,0,0,M,C, Mr,"(20, 30]","(0, 20]",1
38,3,male,0,0,M,S, Mr,"(20, 30]","(0, 20]",1
39,3,female,2,0,M,S,Ms,"(10, 20]","(0, 20]",3
40,3,female,1,0,M,C,Ms,"(10, 20]","(0, 20]",2
41,3,female,1,0,M,S,Mrs,"(30, 40]","(0, 20]",2
42,2,female,1,0,M,S,Mrs,"(20, 30]","(0, 20]",2
43,3,male,0,0,M,C, Mr,"(20, 30]","(0, 20]",1
44,2,female,1,2,M,C,Ms,"(0, 10]","(0, 20]",4
45,3,female,0,0,M,Q,Ms,"(10, 20]","(0, 20]",1
46,3,male,0,0,M,S, Mr,"(20, 30]","(0, 20]",1
47,3,male,1,0,M,Q, Mr,"(20, 30]","(0, 20]",2
48,3,female,0,0,M,Q,Ms,"(20, 30]","(0, 20]",1
49,3,male,2,0,M,C, Mr,"(20, 30]","(0, 20]",3
50,3,female,1,0,M,S,Mrs,"(10, 20]","(0, 20]",2
51,3,male,4,1,M,S,Nobility,"(0, 10]","(0, 20]",6
52,3,male,0,0,M,S, Mr,"(20, 30]","(0, 20]",1
53,1,female,1,0,D,C,Mrs,"(40, 50]","(20, 40]",2
54,2,female,1,0,M,S,Mrs,"(20, 30]","(0, 20]",2
55,1,male,0,1,B,C, Mr,"(60, 70]","(20, 40]",2
56,1,male,0,0,C,S, Mr,"(30, 40]","(20, 40]",1
57,2,female,0,0,M,S,Ms,"(20, 30]","(0, 20]",1
58,3,male,0,0,M,C, Mr,"(20, 30]","(0, 20]",1
59,2,female,1,2,M,S,Ms,"(0, 10]","(0, 20]",4
60,3,male,5,2,M,S,Nobility,"(10, 20]","(0, 20]",8
61,3,male,0,0,M,C, Mr,"(20, 30]","(0, 20]",1
62,1,female,0,0,B,C,Ms,"(30, 40]","(20, 40]",1
63,1,male,1,0,C,S, Mr,"(40, 50]","(40, 60]",2
64,3,male,3,2,M,S,Nobility,"(0, 10]","(0, 20]",6
65,1,male,0,0,M,C, Mr,"(30, 40]","(20, 40]",1
66,3,male,1,1,M,C,Nobility,"(20, 30]","(0, 20]",3
67,2,female,0,0,F,S,Mrs,"(20, 30]","(0, 20]",1
68,3,male,0,0,M,S, Mr,"(10, 20]","(0, 20]",1
69,3,female,4,2,M,S,Ms,"(10, 20]","(0, 20]",7
70,3,male,2,0,M,S, Mr,"(20, 30]","(0, 20]",3
71,2,male,0,0,M,S, Mr,"(30, 40]","(0, 20]",1
72,3,female,5,2,M,S,Ms,"(10, 20]","(0, 20]",8
73,2,male,0,0,M,S, Mr,"(20, 30]","(0, 20]",1
74,3,male,1,0,M,C, Mr,"(20, 30]","(0, 20]",2
75,3,male,0,0,M,S, Mr,"(30, 40]","(0, 20]",1
76,3,male,0,0,F,S, Mr,"(20, 30]","(0, 20]",1
77,3,male,0,0,M,S, Mr,"(20, 30]","(0, 20]",1
78,3,male,0,0,M,S, Mr,"(20, 30]","(0, 20]",1
79,2,male,0,2,M,S,Nobility,"(0, 10]","(0, 20]",3
80,3,female,0,0,M,S,Ms,"(20, 30]","(0, 20]",1
81,3,male,0,0,M,S, Mr,"(20, 30]","(0, 20]",1
82,3,male,0,0,M,S, Mr,"(20, 30]","(0, 20]",1
83,3,female,0,0,M,Q,Ms,"(20, 30]","(0, 20]",1
84,1,male,0,0,M,S, Mr,"(20, 30]","(20, 40]",1
85,2,female,0,0,M,S,Ms,"(10, 20]","(0, 20]",1
86,3,female,3,0,M,S,Mrs,"(30, 40]","(0, 20]",4
87,3,male,1,3,M,S, Mr,"(10, 20]","(0, 20]",5
88,3,male,0,0,M,S, Mr,"(20, 30]","(0, 20]",1
89,1,female,3,2,C,S,Ms,"(20, 30]","(40, 60]",6
90,3,male,0,0,M,S, Mr,"(20, 30]","(0, 20]",1
91,3,male,0,0,M,S, Mr,"(20, 30]","(0, 20]",1
92,3,male,0,0,M,S, Mr,"(10, 20]","(0, 20]",1
93,1,male,1,0,E,S, Mr,"(40, 50]","(20, 40]",2
94,3,male,1,2,M,S, Mr,"(20, 30]","(0, 20]",4
95,3,male,0,0,M,S, Mr,"(50, 60]","(0, 20]",1
96,3,male,0,0,M,S, Mr,"(20, 30]","(0, 20]",1
97,1,male,0,0,A,C, Mr,"(70, 80]","(20, 40]",1
98,1,male,0,1,D,C, Mr,"(20, 30]","(20, 40]",2
99,2,female,0,1,M,S,Mrs,"(30, 40]","(0, 20]",2
100,2,male,1,0,M,S, Mr,"(30, 40]","(0, 20]",2
101,3,female,0,0,M,S,Ms,"(20, 30]","(0, 20]",1
102,3,male,0,0,M,S, Mr,"(20, 30]","(0, 20]",1
103,1,male,0,1,D,S, Mr,"(20, 30]","(20, 40]",2
104,3,male,0,0,M,S, Mr,"(30, 40]","(0, 20]",1
105,3,male,2,0,M,S, Mr,"(30, 40]","(0, 20]",3
106,3,male,0,0,M,S, Mr,"(20, 30]","(0, 20]",1
107,3,female,0,0,M,S,Ms,"(20, 30]","(0, 20]",1
108,3,male,0,0,M,S, Mr,"(20, 30]","(0, 20]",1
109,3,male,0,0,M,S, Mr,"(30, 40]","(0, 20]",1
110,3,female,1,0,M,Q,Ms,"(20, 30]","(0, 20]",2
111,1,male,0,0,C,S, Mr,"(40, 50]","(20, 40]",1
112,3,female,1,0,M,C,Ms,"(10, 20]","(0, 20]",2
113,3,male,0,0,M,S, Mr,"(20, 30]","(0, 20]",1
114,3,female,1,0,M,S,Ms,"(10, 20]","(0, 20]",2
115,3,female,0,0,M,C,Ms,"(10, 20]","(0, 20]",1
116,3,male,0,0,M,S, Mr,"(20, 30]","(0, 20]",1
117,3,male,0,0,M,Q, Mr,"(70, 80]","(0, 20]",1
118,2,male,1,0,M,S, Mr,"(20, 30]","(0, 20]",2
119,1,male,0,1,B,C, Mr,"(20, 30]","(80, 150]",2
120,3,female,4,2,M,S,Ms,"(0, 10]","(0, 20]",7
121,2,male,2,0,M,S, Mr,"(20, 30]","(0, 20]",3
122,3,male,0,0,M,S, Mr,"(20, 30]","(0, 20]",1
123,2,male,1,0,M,C, Mr,"(30, 40]","(0, 20]",2
124,2,female,0,0,E,S,Ms,"(30, 40]","(0, 20]",1
125,1,male,0,1,D,S, Mr,"(50, 60]","(20, 40]",2
126,3,male,1,0,M,C,Nobility,"(10, 20]","(0, 20]",2
127,3,male,0,0,M,Q, Mr,"(20, 30]","(0, 20]",1
128,3,male,0,0,M,S, Mr,"(20, 30]","(0, 20]",1
129,3,female,1,1,F,C,Ms,"(20, 30]","(0, 20]",3
130,3,male,0,0,M,S, Mr,"(40, 50]","(0, 20]",1
131,3,male,0,0,M,C, Mr,"(30, 40]","(0, 20]",1
132,3,male,0,0,M,S, Mr,"(10, 20]","(0, 20]",1
133,3,female,1,0,M,S,Mrs,"(40, 50]","(0, 20]",2
134,2,female,1,0,M,S,Mrs,"(20, 30]","(0, 20]",2
135,2,male,0,0,M,S, Mr,"(20, 30]","(0, 20]",1
136,2,male,0,0,M,C, Mr,"(20, 30]","(0, 20]",1
137,1,female,0,2,D,S,Ms,"(10, 20]","(20, 40]",3
138,1,male,1,0,C,S, Mr,"(30, 40]","(20, 40]",2
139,3,male,0,0,M,S, Mr,"(10, 20]","(0, 20]",1
140,1,male,0,0,B,C, Mr,"(20, 30]","(20, 40]",1
141,3,female,0,2,M,C,Mrs,"(20, 30]","(0, 20]",3
142,3,female,0,0,M,S,Ms,"(20, 30]","(0, 20]",1
143,3,female,1,0,M,S,Mrs,"(20, 30]","(0, 20]",2
144,3,male,0,0,M,Q, Mr,"(10, 20]","(0, 20]",1
145,2,male,0,0,M,S, Mr,"(10, 20]","(0, 20]",1
146,2,male,1,1,M,S, Mr,"(10, 20]","(0, 20]",3
147,3,male,0,0,M,S, Mr,"(20, 30]","(0, 20]",1
148,3,female,2,2,M,S,Ms,"(0, 10]","(0, 20]",5
149,2,male,0,2,F,S, Mr,"(30, 40]","(0, 20]",3
150,2,male,0,0,M,S, Rev,"(40, 50]","(0, 20]",1
151,2,male,0,0,M,S, Rev,"(50, 60]","(0, 20]",1
152,1,female,1,0,C,S,Mrs,"(20, 30]","(20, 40]",2
153,3,male,0,0,M,S, Mr,"(50, 60]","(0, 20]",1
154,3,male,0,2,M,S, Mr,"(40, 50]","(0, 20]",3
155,3,male,0,0,M,S, Mr,"(20, 30]","(0, 20]",1
156,1,male,0,1,M,C, Mr,"(50, 60]","(20, 40]",2
157,3,female,0,0,M,Q,Ms,"(10, 20]","(0, 20]",1
158,3,male,0,0,M,S, Mr,"(20, 30]","(0, 20]",1
159,3,male,0,0,M,S, Mr,"(20, 30]","(0, 20]",1
160,3,male,8,2,M,S,Nobility,"(20, 30]","(0, 20]",11
161,3,male,0,1,M,S, Mr,"(40, 50]","(0, 20]",2
162,2,female,0,0,M,S,Mrs,"(30, 40]","(0, 20]",1
163,3,male,0,0,M,S, Mr,"(20, 30]","(0, 20]",1
164,3,male,0,0,M,S, Mr,"(10, 20]","(0, 20]",1
165,3,male,4,1,M,S,Nobility,"(0, 10]","(0, 20]",6
166,3,male,0,2,M,S,Nobility,"(0, 10]","(0, 20]",3
167,1,female,0,1,E,S,Mrs,"(30, 40]","(20, 40]",2
168,3,female,1,4,M,S,Mrs,"(40, 50]","(0, 20]",6
169,1,male,0,0,M,S, Mr,"(30, 40]","(20, 40]",1
170,3,male,0,0,M,S, Mr,"(20, 30]","(0, 20]",1
171,1,male,0,0,B,S, Mr,"(60, 70]","(20, 40]",1
172,3,male,4,1,M,Q,Nobility,"(0, 10]","(0, 20]",6
173,3,female,1,1,M,S,Ms,"(0, 10]","(0, 20]",3
174,3,male,0,0,M,S, Mr,"(20, 30]","(0, 20]",1
175,1,male,0,0,A,C, Mr,"(50, 60]","(20, 40]",1
176,3,male,1,1,M,S, Mr,"(10, 20]","(0, 20]",3
177,3,male,3,1,M,S,Nobility,"(20, 30]","(0, 20]",5
178,1,female,0,0,C,C,Ms,"(40, 50]","(20, 40]",1
179,2,male,0,0,M,S, Mr,"(20, 30]","(0, 20]",1
180,3,male,0,0,M,S, Mr,"(30, 40]",,1
181,3,female,8,2,M,S,Ms,"(20, 30]","(0, 20]",11
182,2,male,0,0,M,C, Mr,"(20, 30]","(0, 20]",1
183,3,male,4,2,M,S,Nobility,"(0, 10]","(0, 20]",7
184,2,male,2,1,F,S,Nobility,"(0, 10]","(0, 20]",4
185,3,female,0,2,M,S,Ms,"(0, 10]","(0, 20]",3
186,1,male,0,0,A,S, Mr,"(30, 40]","(40, 60]",1
187,3,female,1,0,M,Q,Mrs,"(20, 30]","(0, 20]",2
188,1,male,0,0,M,S, Mr,"(40, 50]","(20, 40]",1
189,3,male,1,1,M,Q, Mr,"(30, 40]","(0, 20]",3
190,3,male,0,0,M,S, Mr,"(30, 40]","(0, 20]",1
191,2,female,0,0,M,S,Mrs,"(30, 40]","(0, 20]",1
192,2,male,0,0,M,S, Mr,"(10, 20]","(0, 20]",1
193,3,female,1,0,M,S,Ms,"(10, 20]","(0, 20]",2
194,2,male,1,1,F,S,Nobility,"(0, 10]","(0, 20]",3
195,1,female,0,0,B,C,Mrs,"(40, 50]","(20, 40]",1
196,1,female,0,0,B,C,Ms,"(50, 60]","(40, 60]",1
197,3,male,0,0,M,Q, Mr,"(20, 30]","(0, 20]",1
198,3,male,0,1,M,S, Mr,"(40, 50]","(0, 20]",2
199,3,female,0,0,M,Q,Ms,"(20, 30]","(0, 20]",1
200,2,female,0,0,M,S,Ms,"(20, 30]","(0, 20]",1
201,3,male,0,0,M,S, Mr,"(20, 30]","(0, 20]",1
202,3,male,8,2,M,S, Mr,"(20, 30]","(0, 20]",11
203,3,male,0,0,M,S, Mr,"(30, 40]","(0, 20]",1
204,3,male,0,0,M,C, Mr,"(40, 50]","(0, 20]",1
205,3,male,0,0,M,S, Mr,"(10, 20]","(0, 20]",1
206,3,female,0,1,G,S,Ms,"(0, 10]","(0, 20]",2
207,3,male,1,0,M,S, Mr,"(30, 40]","(0, 20]",2
208,3,male,0,0,M,C, Mr,"(20, 30]","(0, 20]",1
209,3,female,0,0,M,Q,Ms,"(10, 20]","(0, 20]",1
210,1,male,0,0,A,C, Mr,"(30, 40]","(20, 40]",1
211,3,male,0,0,M,S, Mr,"(20, 30]","(0, 20]",1
212,2,female,0,0,M,S,Ms,"(30, 40]","(0, 20]",1
213,3,male,0,0,M,S, Mr,"(20, 30]","(0, 20]",1
214,2,male,0,0,M,S, Mr,"(20, 30]","(0, 20]",1
215,3,male,1,0,M,Q, Mr,"(20, 30]","(0, 20]",2
216,1,female,1,0,D,C,Ms,"(30, 40]","(20, 40]",2
217,3,female,0,0,M,S,Ms,"(20, 30]","(0, 20]",1
218,2,male,1,0,M,S, Mr,"(40, 50]","(0, 20]",2
219,1,female,0,0,D,C,Ms,"(30, 40]","(20, 40]",1
220,2,male,0,0,M,S, Mr,"(20, 30]","(0, 20]",1
221,3,male,0,0,M,S, Mr,"(10, 20]","(0, 20]",1
222,2,male,0,0,M,S, Mr,"(20, 30]","(0, 20]",1
223,3,male,0,0,M,S, Mr,"(50, 60]","(0, 20]",1
224,3,male,0,0,M,S, Mr,"(20, 30]","(0, 20]",1
225,1,male,1,0,C,S, Mr,"(30, 40]","(40, 60]",2
226,3,male,0,0,M,S, Mr,"(20, 30]","(0, 20]",1
227,2,male,0,0,M,S, Mr,"(10, 20]","(0, 20]",1
228,3,male,0,0,M,S, Mr,"(20, 30]","(0, 20]",1
229,2,male,0,0,M,S, Mr,"(10, 20]","(0, 20]",1
230,3,female,3,1,M,S,Ms,"(20, 30]","(0, 20]",5
231,1,female,1,0,C,S,Mrs,"(30, 40]","(40, 60]",2
232,3,male,0,0,M,S, Mr,"(20, 30]","(0, 20]",1
233,2,male,0,0,M,S, Mr,"(50, 60]","(0, 20]",1
234,3,female,4,2,M,S,Ms,"(0, 10]","(0, 20]",7
235,2,male,0,0,M,S, Mr,"(20, 30]","(0, 20]",1
236,3,female,0,0,M,S,Ms,"(20, 30]","(0, 20]",1
237,2,male,1,0,M,S, Mr,"(40, 50]","(0, 20]",2
238,2,female,0,2,M,S,Ms,"(0, 10]","(0, 20]",3
239,2,male,0,0,M,S, Mr,"(10, 20]","(0, 20]",1
240,2,male,0,0,M,S, Mr,"(30, 40]","(0, 20]",1
241,3,female,1,0,M,C,Ms,"(20, 30]","(0, 20]",2
242,3,female,1,0,M,Q,Ms,"(20, 30]","(0, 20]",2
243,2,male,0,0,M,S, Mr,"(20, 30]","(0, 20]",1
244,3,male,0,0,M,S, Mr,"(20, 30]","(0, 20]",1
245,3,male,0,0,M,C, Mr,"(20, 30]","(0, 20]",1
246,1,male,2,0,C,Q, Dr,"(40, 50]","(20, 40]",3
247,3,female,0,0,M,S,Ms,"(20, 30]","(0, 20]",1
248,2,female,0,2,M,S,Mrs,"(20, 30]","(0, 20]",3
249,1,male,1,1,D,S, Mr,"(30, 40]","(20, 40]",3
250,2,male,1,0,M,S, Rev,"(50, 60]","(0, 20]",2
251,3,male,0,0,M,S, Mr,"(20, 30]","(0, 20]",1
252,3,female,1,1,G,S,Mrs,"(20, 30]","(0, 20]",3
253,1,male,0,0,C,S, Mr,"(60, 70]","(20, 40]",1
254,3,male,1,0,M,S, Mr,"(20, 30]","(0, 20]",2
255,3,female,0,2,M,S,Mrs,"(40, 50]","(0, 20]",3
256,3,female,0,2,M,C,Mrs,"(20, 30]","(0, 20]",3
257,1,female,0,0,M,C,Mrs,"(30, 40]","(20, 40]",1
258,1,female,0,0,B,S,Ms,"(20, 30]","(20, 40]",1
259,1,female,0,0,M,C,Ms,"(30, 40]","(80, 150]",1
260,2,female,0,1,M,S,Mrs,"(40, 50]","(0, 20]",2
261,3,male,0,0,M,Q, Mr,"(20, 30]","(0, 20]",1
262,3,male,4,2,M,S,Nobility,"(0, 10]","(0, 20]",7
263,1,male,1,1,E,S, Mr,"(50, 60]","(20, 40]",3
264,1,male,0,0,B,S, Mr,"(30, 40]",,1
265,3,female,0,0,M,Q,Ms,"(20, 30]","(0, 20]",1
266,2,male,0,0,M,S, Mr,"(30, 40]","(0, 20]",1
267,3,male,4,1,M,S, Mr,"(10, 20]","(0, 20]",6
268,3,male,1,0,M,S, Mr,"(20, 30]","(0, 20]",2
269,1,female,0,1,C,S,Mrs,"(50, 60]","(40, 60]",2
270,1,female,0,0,C,S,Ms,"(30, 40]","(20, 40]",1
271,1,male,0,0,M,S, Mr,"(30, 40]","(0, 20]",1
272,3,male,0,0,M,S, Mr,"(20, 30]",,1
273,2,female,0,1,M,S,Mrs,"(40, 50]","(0, 20]",2
274,1,male,0,1,C,C, Mr,"(30, 40]","(20, 40]",2
275,3,female,0,0,M,Q,Ms,"(20, 30]","(0, 20]",1
276,1,female,1,0,D,S,Ms,"(60, 70]","(20, 40]",2
277,3,female,0,0,M,S,Ms,"(40, 50]","(0, 20]",1
278,2,male,0,0,M,S, Mr,"(20, 30]",,1
279,3,male,4,1,M,Q,Nobility,"(0, 10]","(0, 20]",6
280,3,female,1,1,M,S,Mrs,"(30, 40]","(0, 20]",3
281,3,male,0,0,M,Q, Mr,"(60, 70]","(0, 20]",1
282,3,male,0,0,M,S, Mr,"(20, 30]","(0, 20]",1
283,3,male,0,0,M,S, Mr,"(10, 20]","(0, 20]",1
284,3,male,0,0,M,S, Mr,"(10, 20]","(0, 20]",1
285,1,male,0,0,A,S, Mr,"(30, 40]","(20, 40]",1
286,3,male,0,0,M,C, Mr,"(30, 40]","(0, 20]",1
287,3,male,0,0,M,S, Mr,"(20, 30]","(0, 20]",1
288,3,male,0,0,M,S, Mr,"(20, 30]","(0, 20]",1
289,2,male,0,0,M,S, Mr,"(40, 50]","(0, 20]",1
290,3,female,0,0,M,Q,Ms,"(20, 30]","(0, 20]",1
291,1,female,0,0,M,S,Ms,"(20, 30]","(20, 40]",1
292,1,female,1,0,B,C,Mrs,"(10, 20]","(40, 60]",2
293,2,male,0,0,D,C, Mr,"(30, 40]","(0, 20]",1
294,3,female,0,0,M,S,Ms,"(20, 30]","(0, 20]",1
295,3,male,0,0,M,S, Mr,"(20, 30]","(0, 20]",1
296,1,male,0,0,M,C, Mr,"(30, 40]","(20, 40]",1
297,3,male,0,0,M,C, Mr,"(20, 30]","(0, 20]",1
298,1,female,1,2,C,S,Ms,"(0, 10]","(20, 40]",4
299,1,male,0,0,C,S, Mr,"(30, 40]","(20, 40]",1
300,1,female,0,1,B,C,Mrs,"(40, 50]","(80, 150]",2
301,3,female,0,0,M,Q,Ms,"(20, 30]","(0, 20]",1
302,3,male,2,0,M,Q, Mr,"(20, 30]","(0, 20]",3
303,3,male,0,0,M,S, Mr,"(10, 20]",,1
304,2,female,0,0,E,Q,Ms,"(20, 30]","(0, 20]",1
305,3,male,0,0,M,S, Mr,"(20, 30]","(0, 20]",1
306,1,male,1,2,C,S,Nobility,"(0, 10]","(20, 40]",4
307,1,female,0,0,M,C,Ms,"(30, 40]","(20, 40]",1
308,1,female,1,0,C,C,Mrs,"(10, 20]","(20, 40]",2
309,2,male,1,0,M,C, Mr,"(20, 30]","(0, 20]",2
310,1,female,0,0,E,C,Ms,"(20, 30]","(20, 40]",1
311,1,female,0,0,C,C,Ms,"(20, 30]","(20, 40]",1
312,1,female,2,2,B,C,Ms,"(10, 20]","(20, 40]",5
313,2,female,1,1,M,S,Mrs,"(20, 30]","(0, 20]",3
314,3,male,0,0,M,S, Mr,"(20, 30]","(0, 20]",1
315,2,male,1,1,M,S, Mr,"(40, 50]","(0, 20]",3
316,3,female,0,0,M,S,Ms,"(20, 30]","(0, 20]",1
317,2,female,1,0,M,S,Mrs,"(20, 30]","(0, 20]",2
318,2,male,0,0,M,S, Dr,"(50, 60]","(0, 20]",1
319,1,female,0,2,C,S,Ms,"(30, 40]","(40, 60]",3
320,1,female,1,1,E,C,Mrs,"(30, 40]","(20, 40]",3
321,3,male,0,0,M,S, Mr,"(20, 30]","(0, 20]",1
322,3,male,0,0,M,S, Mr,"(20, 30]","(0, 20]",1
323,2,female,0,0,M,Q,Ms,"(20, 30]","(0, 20]",1
324,2,female,1,1,M,S,Mrs,"(20, 30]","(0, 20]",3
325,3,male,8,2,M,S, Mr,"(20, 30]","(0, 20]",11
326,1,female,0,0,C,C,Ms,"(30, 40]","(20, 40]",1
327,3,male,0,0,M,S, Mr,"(60, 70]","(0, 20]",1
328,2,female,0,0,D,S,Mrs,"(30, 40]","(0, 20]",1
329,3,female,1,1,M,S,Mrs,"(30, 40]","(0, 20]",3
330,1,female,0,1,B,C,Ms,"(10, 20]","(20, 40]",2
331,3,female,2,0,M,Q,Ms,"(20, 30]","(0, 20]",3
332,1,male,0,0,C,S, Mr,"(40, 50]","(20, 40]",1
333,1,male,0,1,C,S, Mr,"(30, 40]","(40, 60]",2
334,3,male,2,0,M,S, Mr,"(10, 20]","(0, 20]",3
335,1,female,1,0,M,S,Mrs,"(30, 40]","(60, 80]",2
336,3,male,0,0,M,S, Mr,"(20, 30]","(0, 20]",1
337,1,male,1,0,C,S, Mr,"(20, 30]","(20, 40]",2
338,1,female,0,0,E,C,Ms,"(40, 50]","(20, 40]",1
339,3,male,0,0,M,S, Mr,"(40, 50]","(0, 20]",1
340,1,male,0,0,M,S, Mr,"(40, 50]","(20, 40]",1
341,2,male,1,1,F,S,Nobility,"(0, 10]","(0, 20]",3
342,1,female,3,2,C,S,Ms,"(20, 30]","(40, 60]",6
343,2,male,0,0,M,S, Mr,"(20, 30]","(0, 20]",1
344,2,male,0,0,M,S, Mr,"(20, 30]","(0, 20]",1
345,2,male,0,0,M,S, Mr,"(30, 40]","(0, 20]",1
346,2,female,0,0,F,S,Ms,"(20, 30]","(0, 20]",1
347,2,female,0,0,M,S,Ms,"(30, 40]","(0, 20]",1
348,3,female,1,0,M,S,Mrs,"(20, 30]","(0, 20]",2
349,3,male,1,1,M,S,Nobility,"(0, 10]","(0, 20]",3
350,3,male,0,0,M,S, Mr,"(40, 50]","(0, 20]",1
351,3,male,0,0,M,S, Mr,"(20, 30]","(0, 20]",1
352,1,male,0,0,C,S, Mr,"(30, 40]","(20, 40]",1
353,3,male,1,1,M,C, Mr,"(10, 20]","(0, 20]",3
354,3,male,1,0,M,S, Mr,"(20, 30]","(0, 20]",2
355,3,male,0,0,M,C, Mr,"(20, 30]","(0, 20]",1
356,3,male,0,0,M,S, Mr,"(20, 30]","(0, 20]",1
357,1,female,0,1,E,S,Ms,"(20, 30]","(20, 40]",2
358,2,female,0,0,M,S,Ms,"(30, 40]","(0, 20]",1
359,3,female,0,0,M,Q,Ms,"(20, 30]","(0, 20]",1
360,3,female,0,0,M,Q,Ms,"(20, 30]","(0, 20]",1
361,3,male,1,4,M,S, Mr,"(30, 40]","(0, 20]",6
362,2,male,1,0,M,C, Mr,"(20, 30]","(0, 20]",2
363,3,female,0,1,M,C,Mrs,"(40, 50]","(0, 20]",2
364,3,male,0,0,M,S, Mr,"(30, 40]","(0, 20]",1
365,3,male,1,0,M,Q, Mr,"(20, 30]","(0, 20]",2
366,3,male,0,0,M,S, Mr,"(20, 30]","(0, 20]",1
367,1,female,1,0,D,C,Mrs,"(50, 60]","(20, 40]",2
368,3,female,0,0,M,C,Mrs,"(20, 30]","(0, 20]",1
369,3,female,0,0,M,Q,Ms,"(20, 30]","(0, 20]",1
370,1,female,0,0,B,C,Mrs,"(20, 30]","(20, 40]",1
371,1,male,1,0,E,C, Mr,"(20, 30]","(20, 40]",2
372,3,male,1,0,M,S, Mr,"(10, 20]","(0, 20]",2
373,3,male,0,0,M,S, Mr,"(10, 20]","(0, 20]",1
374,1,male,0,0,M,C, Mr,"(20, 30]","(20, 40]",1
375,3,female,3,1,M,S,Ms,"(0, 10]","(0, 20]",5
376,1,female,1,0,M,C,Mrs,"(30, 40]","(40, 60]",2
377,3,female,0,0,M,S,Ms,"(20, 30]","(0, 20]",1
378,1,male,0,2,C,C, Mr,"(20, 30]","(40, 60]",3
379,3,male,0,0,M,C, Mr,"(10, 20]","(0, 20]",1
380,3,male,0,0,M,S, Mr,"(10, 20]","(0, 20]",1
381,1,female,0,0,M,C,Ms,"(40, 50]","(40, 60]",1
382,3,female,0,2,M,C,Ms,"(0, 10]","(0, 20]",3
383,3,male,0,0,M,S, Mr,"(30, 40]","(0, 20]",1
384,1,female,1,0,M,S,Mrs,"(30, 40]","(20, 40]",2
385,3,male,0,0,M,S, Mr,"(20, 30]","(0, 20]",1
386,2,male,0,0,M,S, Mr,"(10, 20]","(0, 20]",1
387,3,male,5,2,M,S,Nobility,"(0, 10]","(0, 20]",8
388,2,female,0,0,M,S,Ms,"(30, 40]","(0, 20]",1
389,3,male,0,0,M,Q, Mr,"(20, 30]","(0, 20]",1
390,2,female,0,0,M,C,Ms,"(10, 20]","(0, 20]",1
391,1,male,1,2,B,S, Mr,"(30, 40]","(20, 40]",4
392,3,male,0,0,M,S, Mr,"(20, 30]","(0, 20]",1
393,3,male,2,0,M,S, Mr,"(20, 30]","(0, 20]",3
394,1,female,1,0,D,C,Ms,"(20, 30]","(20, 40]",2
395,3,female,0,2,G,S,Mrs,"(20, 30]","(0, 20]",3
396,3,male,0,0,M,S, Mr,"(20, 30]","(0, 20]",1
397,3,female,0,0,M,S,Ms,"(30, 40]","(0, 20]",1
398,2,male,0,0,M,S, Mr,"(40, 50]","(0, 20]",1
399,2,male,0,0,M,S, Dr,"(20, 30]","(0, 20]",1
400,2,female,0,0,M,S,Mrs,"(20, 30]","(0, 20]",1
401,3,male,0,0,M,S, Mr,"(30, 40]","(0, 20]",1
402,3,male,0,0,M,S, Mr,"(20, 30]","(0, 20]",1
403,3,female,1,0,M,S,Ms,"(20, 30]","(0, 20]",2
404,3,male,1,0,M,S, Mr,"(20, 30]","(0, 20]",2
405,3,female,0,0,M,S,Ms,"(10, 20]","(0, 20]",1
406,2,male,1,0,M,S, Mr,"(30, 40]","(0, 20]",2
407,3,male,0,0,M,S, Mr,"(50, 60]","(0, 20]",1
408,2,male,1,1,M,S,Nobility,"(0, 10]","(0, 20]",3
409,3,male,0,0,M,S, Mr,"(20, 30]","(0, 20]",1
410,3,female,3,1,M,S,Ms,"(20, 30]","(0, 20]",5
411,3,male,0,0,M,S, Mr,"(20, 30]","(0, 20]",1
412,3,male,0,0,M,Q, Mr,"(20, 30]","(0, 20]",1
413,1,female,1,0,C,Q,Ms,"(30, 40]","(20, 40]",2
414,2,male,0,0,M,S, Mr,"(20, 30]",,1
415,3,male,0,0,M,S, Mr,"(40, 50]","(0, 20]",1
416,3,female,0,0,M,S,Mrs,"(20, 30]","(0, 20]",1
417,2,female,1,1,M,S,Mrs,"(30, 40]","(0, 20]",3
418,2,female,0,2,M,S,Ms,"(10, 20]","(0, 20]",3
419,2,male,0,0,M,S, Mr,"(20, 30]","(0, 20]",1
420,3,female,0,2,M,S,Ms,"(0, 10]","(0, 20]",3
421,3,male,0,0,M,C, Mr,"(20, 30]","(0, 20]",1
422,3,male,0,0,M,Q, Mr,"(20, 30]","(0, 20]",1
423,3,male,0,0,M,S, Mr,"(20, 30]","(0, 20]",1
424,3,female,1,1,M,S,Mrs,"(20, 30]","(0, 20]",3
425,3,male,1,1,M,S, Mr,"(10, 20]","(0, 20]",3
426,3,male,0,0,M,S, Mr,"(20, 30]","(0, 20]",1
427,2,female,1,0,M,S,Mrs,"(20, 30]","(0, 20]",2
428,2,female,0,0,M,S,Ms,"(10, 20]","(0, 20]",1
429,3,male,0,0,M,Q, Mr,"(20, 30]","(0, 20]",1
430,3,male,0,0,E,S, Mr,"(30, 40]","(0, 20]",1
431,1,male,0,0,C,S, Mr,"(20, 30]","(20, 40]",1
432,3,female,1,0,M,S,Mrs,"(20, 30]","(0, 20]",2
433,2,female,1,0,M,S,Mrs,"(40, 50]","(0, 20]",2
434,3,male,0,0,M,S, Mr,"(10, 20]","(0, 20]",1
435,1,male,1,0,E,S, Mr,"(40, 50]","(20, 40]",2
436,1,female,1,2,B,S,Ms,"(10, 20]","(20, 40]",4
437,3,female,2,2,M,S,Ms,"(20, 30]","(0, 20]",5
438,2,female,2,3,M,S,Mrs,"(20, 30]","(0, 20]",6
439,1,male,1,4,C,S, Mr,"(60, 70]","(40, 60]",6
440,2,male,0,0,M,S, Mr,"(30, 40]","(0, 20]",1
441,2,female,1,1,M,S,Mrs,"(40, 50]","(0, 20]",3
442,3,male,0,0,M,S, Mr,"(10, 20]","(0, 20]",1
443,3,male,1,0,M,S, Mr,"(20, 30]","(0, 20]",2
444,2,female,0,0,M,S,Ms,"(20, 30]","(0, 20]",1
445,3,male,0,0,M,S, Mr,"(20, 30]","(0, 20]",1
446,1,male,0,2,A,S,Nobility,"(0, 10]","(20, 40]",3
447,2,female,0,1,M,S,Ms,"(10, 20]","(0, 20]",2
448,1,male,0,0,M,S, Mr,"(30, 40]","(20, 40]",1
449,3,female,2,1,M,C,Ms,"(0, 10]","(0, 20]",4
450,1,male,0,0,C,S,Military,"(50, 60]","(20, 40]",1
451,2,male,1,2,M,S, Mr,"(30, 40]","(0, 20]",4
452,3,male,1,0,M,S, Mr,"(20, 30]","(0, 20]",2
453,1,male,0,0,C,C, Mr,"(20, 30]","(20, 40]",1
454,1,male,1,0,C,C, Mr,"(40, 50]","(40, 60]",2
455,3,male,0,0,M,S, Mr,"(20, 30]","(0, 20]",1
456,3,male,0,0,M,C, Mr,"(20, 30]","(0, 20]",1
457,1,male,0,0,E,S, Mr,"(60, 70]","(20, 40]",1
458,1,female,1,0,D,S,Mrs,"(30, 40]","(20, 40]",2
459,2,female,0,0,M,S,Ms,"(40, 50]","(0, 20]",1
460,3,male,0,0,M,Q, Mr,"(20, 30]","(0, 20]",1
461,1,male,0,0,E,S, Mr,"(40, 50]","(20, 40]",1
462,3,male,0,0,M,S, Mr,"(30, 40]","(0, 20]",1
463,1,male,0,0,E,S, Mr,"(40, 50]","(20, 40]",1
464,2,male,0,0,M,S, Mr,"(40, 50]","(0, 20]",1
465,3,male,0,0,M,S, Mr,"(20, 30]","(0, 20]",1
466,3,male,0,0,M,S, Mr,"(30, 40]","(0, 20]",1
467,2,male,0,0,M,S, Mr,"(20, 30]",,1
468,1,male,0,0,M,S, Mr,"(50, 60]","(20, 40]",1
469,3,male,0,0,M,Q, Mr,"(20, 30]","(0, 20]",1
470,3,female,2,1,M,C,Ms,"(0, 10]","(0, 20]",4
471,3,male,0,0,M,S, Mr,"(20, 30]","(0, 20]",1
472,3,male,0,0,M,S, Mr,"(30, 40]","(0, 20]",1
473,2,female,1,2,M,S,Mrs,"(30, 40]","(0, 20]",4
474,2,female,0,0,D,C,Mrs,"(20, 30]","(0, 20]",1
475,3,female,0,0,M,S,Ms,"(20, 30]","(0, 20]",1
476,1,male,0,0,A,S, Mr,"(30, 40]","(20, 40]",1
477,2,male,1,0,M,S, Mr,"(30, 40]","(0, 20]",2
478,3,male,1,0,M,S, Mr,"(20, 30]","(0, 20]",2
479,3,male,0,0,M,S, Mr,"(20, 30]","(0, 20]",1
480,3,female,0,1,M,S,Ms,"(0, 10]","(0, 20]",2
481,3,male,5,2,M,S,Nobility,"(0, 10]","(0, 20]",8
482,2,male,0,0,M,S, Mr,"(20, 30]",,1
483,3,male,0,0,M,S, Mr,"(40, 50]","(0, 20]",1
484,3,female,0,0,M,S,Mrs,"(60, 70]","(0, 20]",1
485,1,male,1,0,B,C, Mr,"(20, 30]","(40, 60]",2
486,3,female,3,1,M,S,Ms,"(20, 30]","(0, 20]",5
487,1,female,1,0,C,S,Mrs,"(30, 40]","(40, 60]",2
488,1,male,0,0,B,C, Mr,"(50, 60]","(20, 40]",1
489,3,male,0,0,M,S, Mr,"(20, 30]","(0, 20]",1
490,3,male,1,1,M,S,Nobility,"(0, 10]","(0, 20]",3
491,3,male,1,0,M,S, Mr,"(20, 30]","(0, 20]",2
492,3,male,0,0,M,S, Mr,"(20, 30]","(0, 20]",1
493,1,male,0,0,C,S, Mr,"(50, 60]","(20, 40]",1
494,1,male,0,0,M,C, Mr,"(70, 80]","(40, 60]",1
495,3,male,0,0,M,S, Mr,"(20, 30]","(0, 20]",1
496,3,male,0,0,M,C, Mr,"(20, 30]","(0, 20]",1
497,1,female,1,0,D,C,Ms,"(50, 60]","(20, 40]",2
498,3,male,0,0,M,S, Mr,"(20, 30]","(0, 20]",1
499,1,female,1,2,C,S,Mrs,"(20, 30]","(20, 40]",4
500,3,male,0,0,M,S, Mr,"(20, 30]","(0, 20]",1
501,3,male,0,0,M,S, Mr,"(10, 20]","(0, 20]",1
502,3,female,0,0,M,Q,Ms,"(20, 30]","(0, 20]",1
503,3,female,0,0,M,Q,Ms,"(20, 30]","(0, 20]",1
504,3,female,0,0,M,S,Ms,"(30, 40]","(0, 20]",1
505,1,female,0,0,B,S,Ms,"(10, 20]","(20, 40]",1
506,1,male,1,0,C,C, Mr,"(10, 20]","(20, 40]",2
507,2,female,0,2,M,S,Mrs,"(30, 40]","(0, 20]",3
508,1,male,0,0,M,S, Mr,"(30, 40]","(20, 40]",1
509,3,male,0,0,M,S, Mr,"(20, 30]","(0, 20]",1
510,3,male,0,0,M,S, Mr,"(20, 30]","(0, 20]",1
511,3,male,0,0,M,Q, Mr,"(20, 30]","(0, 20]",1
512,3,male,0,0,M,S, Mr,"(20, 30]","(0, 20]",1
513,1,male,0,0,E,S, Mr,"(30, 40]","(20, 40]",1
514,1,female,1,0,M,C,Mrs,"(50, 60]","(20, 40]",2
515,3,male,0,0,M,S, Mr,"(20, 30]","(0, 20]",1
516,1,male,0,0,D,S, Mr,"(40, 50]","(20, 40]",1
517,2,female,0,0,F,S,Mrs,"(30, 40]","(0, 20]",1
518,3,male,0,0,M,Q, Mr,"(20, 30]","(0, 20]",1
519,2,female,1,0,M,S,Mrs,"(30, 40]","(0, 20]",2
520,3,male,0,0,M,S, Mr,"(30, 40]","(0, 20]",1
521,1,female,0,0,B,S,Ms,"(20, 30]","(20, 40]",1
522,3,male,0,0,M,S, Mr,"(20, 30]","(0, 20]",1
523,3,male,0,0,M,C, Mr,"(20, 30]","(0, 20]",1
524,1,female,0,1,B,C,Mrs,"(40, 50]","(20, 40]",2
525,3,male,0,0,M,C, Mr,"(20, 30]","(0, 20]",1
526,3,male,0,0,M,Q, Mr,"(40, 50]","(0, 20]",1
527,2,female,0,0,M,S,Ms,"(40, 50]","(0, 20]",1
528,1,male,0,0,C,S, Mr,"(30, 40]","(40, 60]",1
529,3,male,0,0,M,S, Mr,"(30, 40]","(0, 20]",1
530,2,male,2,1,M,S, Mr,"(20, 30]","(0, 20]",4
531,2,female,1,1,M,S,Ms,"(0, 10]","(0, 20]",3
532,3,male,0,0,M,C, Mr,"(20, 30]","(0, 20]",1
533,3,male,1,1,M,C, Mr,"(10, 20]","(0, 20]",3
534,3,female,0,2,M,C,Mrs,"(20, 30]","(0, 20]",3
535,3,female,0,0,M,S,Ms,"(20, 30]","(0, 20]",1
536,2,female,0,2,M,S,Ms,"(0, 10]","(0, 20]",3
537,1,male,0,0,B,S,Military,"(40, 50]","(20, 40]",1
538,1,female,0,0,M,C,Ms,"(20, 30]","(20, 40]",1
539,3,male,0,0,M,S, Mr,"(20, 30]","(0, 20]",1
540,1,female,0,2,B,C,Ms,"(20, 30]","(40, 60]",3
541,1,female,0,2,B,S,Ms,"(30, 40]","(20, 40]",3
542,3,female,4,2,M,S,Ms,"(0, 10]","(0, 20]",7
543,3,female,4,2,M,S,Ms,"(10, 20]","(0, 20]",7
544,2,male,1,0,M,S, Mr,"(30, 40]","(0, 20]",2
545,1,male,1,0,C,C, Mr,"(40, 50]","(20, 40]",2
546,1,male,0,0,M,S, Mr,"(60, 70]","(20, 40]",1
547,2,female,1,0,M,S,Mrs,"(10, 20]","(0, 20]",2
548,2,male,0,0,M,C, Mr,"(20, 30]","(0, 20]",1
549,3,male,1,1,M,S, Mr,"(30, 40]","(0, 20]",3
550,2,male,1,1,M,S,Nobility,"(0, 10]","(0, 20]",3
551,1,male,0,2,C,C, Mr,"(10, 20]","(20, 40]",3
552,2,male,0,0,M,S, Mr,"(20, 30]","(0, 20]",1
553,3,male,0,0,M,Q, Mr,"(20, 30]","(0, 20]",1
554,3,male,0,0,M,C, Mr,"(20, 30]","(0, 20]",1
555,3,female,0,0,M,S,Ms,"(20, 30]","(0, 20]",1
556,1,male,0,0,M,S, Mr,"(60, 70]","(20, 40]",1
557,1,female,1,0,A,C,Nobility,"(40, 50]","(20, 40]",2
558,1,male,0,0,M,C, Mr,"(30, 40]","(40, 60]",1
559,1,female,1,1,E,S,Mrs,"(30, 40]","(20, 40]",3
560,3,female,1,0,M,S,Mrs,"(30, 40]","(0, 20]",2
561,3,male,0,0,M,Q, Mr,"(20, 30]","(0, 20]",1
562,3,male,0,0,M,S, Mr,"(30, 40]","(0, 20]",1
563,2,male,0,0,M,S, Mr,"(20, 30]","(0, 20]",1
564,3,male,0,0,M,S, Mr,"(20, 30]","(0, 20]",1
565,3,female,0,0,M,S,Ms,"(20, 30]","(0, 20]",1
566,3,male,2,0,M,S, Mr,"(20, 30]","(0, 20]",3
567,3,male,0,0,M,S, Mr,"(10, 20]","(0, 20]",1
568,3,female,0,4,M,S,Mrs,"(20, 30]","(0, 20]",5
569,3,male,0,0,M,C, Mr,"(20, 30]","(0, 20]",1
570,3,male,0,0,M,S, Mr,"(30, 40]","(0, 20]",1
571,2,male,0,0,M,S, Mr,"(60, 70]","(0, 20]",1
572,1,female,2,0,C,S,Mrs,"(50, 60]","(20, 40]",3
573,1,male,0,0,E,S, Mr,"(30, 40]","(20, 40]",1
574,3,female,0,0,M,Q,Ms,"(20, 30]","(0, 20]",1
575,3,male,0,0,M,S, Mr,"(10, 20]","(0, 20]",1
576,3,male,0,0,M,S, Mr,"(10, 20]","(0, 20]",1
577,2,female,0,0,M,S,Ms,"(30, 40]","(0, 20]",1
578,1,female,1,0,E,S,Mrs,"(30, 40]","(20, 40]",2
579,3,female,1,0,M,C,Mrs,"(20, 30]","(0, 20]",2
580,3,male,0,0,M,S, Mr,"(30, 40]","(0, 20]",1
581,2,female,1,1,M,S,Ms,"(20, 30]","(0, 20]",3
582,1,female,1,1,C,C,Mrs,"(30, 40]","(20, 40]",3
583,2,male,0,0,M,S, Mr,"(50, 60]","(0, 20]",1
584,1,male,0,0,A,C, Mr,"(30, 40]","(40, 60]",1
585,3,male,0,0,M,C, Mr,"(20, 30]","(0, 20]",1
586,1,female,0,2,E,S,Ms,"(10, 20]","(20, 40]",3
587,2,male,0,0,M,S, Mr,"(40, 50]","(0, 20]",1
588,1,male,1,1,B,C, Mr,"(50, 60]","(20, 40]",3
589,3,male,0,0,M,S, Mr,"(20, 30]","(0, 20]",1
590,3,male,0,0,M,S, Mr,"(20, 30]","(0, 20]",1
591,3,male,0,0,M,S, Mr,"(30, 40]","(0, 20]",1
592,1,female,1,0,D,C,Mrs,"(50, 60]","(20, 40]",2
593,3,male,0,0,M,S, Mr,"(40, 50]","(0, 20]",1
594,3,female,0,2,M,Q,Ms,"(20, 30]","(0, 20]",3
595,2,male,1,0,M,S, Mr,"(30, 40]","(0, 20]",2
596,3,male,1,1,M,S, Mr,"(30, 40]","(0, 20]",3
597,2,female,0,0,M,S,Ms,"(20, 30]","(0, 20]",1
598,3,male,0,0,M,S, Mr,"(40, 50]",,1
599,3,male,0,0,M,C, Mr,"(20, 30]","(0, 20]",1
600,1,male,1,0,A,C,Nobility,"(40, 50]","(20, 40]",2
601,2,female,2,1,M,S,Mrs,"(20, 30]","(0, 20]",4
602,3,male,0,0,M,S, Mr,"(20, 30]","(0, 20]",1
603,1,male,0,0,M,S, Mr,"(30, 40]","(20, 40]",1
604,3,male,0,0,M,S, Mr,"(40, 50]","(0, 20]",1
605,1,male,0,0,M,C, Mr,"(30, 40]","(20, 40]",1
606,3,male,1,0,M,S, Mr,"(30, 40]","(0, 20]",2
607,3,male,0,0,M,S, Mr,"(20, 30]","(0, 20]",1
608,1,male,0,0,M,S, Mr,"(20, 30]","(20, 40]",1
609,2,female,1,2,M,C,Mrs,"(20, 30]","(0, 20]",4
610,1,female,0,0,C,S,Ms,"(30, 40]","(40, 60]",1
611,3,female,1,5,M,S,Mrs,"(30, 40]","(0, 20]",7
612,3,male,0,0,M,S, Mr,"(20, 30]","(0, 20]",1
613,3,female,1,0,M,Q,Ms,"(20, 30]","(0, 20]",2
614,3,male,0,0,M,Q, Mr,"(20, 30]","(0, 20]",1
615,3,male,0,0,M,S, Mr,"(30, 40]","(0, 20]",1
616,2,female,1,2,M,S,Ms,"(20, 30]","(0, 20]",4
617,3,male,1,1,M,S, Mr,"(30, 40]","(0, 20]",3
618,3,female,1,0,M,S,Mrs,"(20, 30]","(0, 20]",2
619,2,female,2,1,F,S,Ms,"(0, 10]","(0, 20]",4
620,2,male,0,0,M,S, Mr,"(20, 30]","(0, 20]",1
621,3,male,1,0,M,C, Mr,"(20, 30]","(0, 20]",2
622,1,male,1,0,D,S, Mr,"(40, 50]","(20, 40]",2
623,3,male,1,1,M,C, Mr,"(10, 20]","(0, 20]",3
624,3,male,0,0,M,S, Mr,"(20, 30]","(0, 20]",1
625,3,male,0,0,M,S, Mr,"(20, 30]","(0, 20]",1
626,1,male,0,0,D,S, Mr,"(60, 70]","(20, 40]",1
627,2,male,0,0,M,Q, Rev,"(50, 60]","(0, 20]",1
628,1,female,0,0,D,S,Ms,"(20, 30]","(20, 40]",1
629,3,male,0,0,M,S, Mr,"(20, 30]","(0, 20]",1
630,3,male,0,0,M,Q, Mr,"(20, 30]","(0, 20]",1
631,1,male,0,0,A,S, Mr,"(70, 80]","(20, 40]",1
632,3,male,0,0,M,S, Mr,"(50, 60]","(0, 20]",1
633,1,male,0,0,B,C, Dr,"(30, 40]","(20, 40]",1
634,1,male,0,0,M,S, Mr,"(30, 40]",,1
635,3,female,3,2,M,S,Ms,"(0, 10]","(0, 20]",6
636,2,female,0,0,M,S,Ms,"(20, 30]","(0, 20]",1
637,3,male,0,0,M,S, Mr,"(30, 40]","(0, 20]",1
638,2,male,1,1,M,S, Mr,"(30, 40]","(0, 20]",3
639,3,female,0,5,M,S,Mrs,"(40, 50]","(0, 20]",6
640,3,male,1,0,M,S, Mr,"(20, 30]","(0, 20]",2
641,3,male,0,0,M,S, Mr,"(10, 20]","(0, 20]",1
642,1,female,0,0,B,C,Ms,"(20, 30]","(20, 40]",1
643,3,female,3,2,M,S,Ms,"(0, 10]","(0, 20]",6
644,3,male,0,0,M,S, Mr,"(20, 30]","(0, 20]",1
645,3,female,2,1,M,C,Ms,"(0, 10]","(0, 20]",4
646,1,male,1,0,D,C, Mr,"(40, 50]","(20, 40]",2
647,3,male,0,0,M,S, Mr,"(10, 20]","(0, 20]",1
648,1,male,0,0,A,C,Military,"(50, 60]","(20, 40]",1
649,3,male,0,0,M,S, Mr,"(20, 30]","(0, 20]",1
650,3,female,0,0,M,S,Ms,"(20, 30]","(0, 20]",1
651,3,male,0,0,M,S, Mr,"(20, 30]","(0, 20]",1
652,2,female,0,1,M,S,Ms,"(10, 20]","(0, 20]",2
653,3,male,0,0,M,S, Mr,"(20, 30]","(0, 20]",1
654,3,female,0,0,M,Q,Ms,"(20, 30]","(0, 20]",1
655,3,female,0,0,M,Q,Ms,"(10, 20]","(0, 20]",1
656,2,male,2,0,M,S, Mr,"(20, 30]","(0, 20]",3
657,3,male,0,0,M,S, Mr,"(20, 30]","(0, 20]",1
658,3,female,1,1,M,Q,Mrs,"(30, 40]","(0, 20]",3
659,2,male,0,0,M,S, Mr,"(20, 30]","(0, 20]",1
660,1,male,0,2,D,C, Mr,"(50, 60]","(20, 40]",3
661,1,male,2,0,M,S, Dr,"(40, 50]","(60, 80]",3
662,3,male,0,0,M,C, Mr,"(30, 40]","(0, 20]",1
663,1,male,0,0,E,S, Mr,"(40, 50]","(20, 40]",1
664,3,male,0,0,M,S, Mr,"(30, 40]","(0, 20]",1
665,3,male,1,0,M,S, Mr,"(10, 20]","(0, 20]",2
666,2,male,2,0,M,S, Mr,"(30, 40]","(0, 20]",3
667,2,male,0,0,M,S, Mr,"(20, 30]","(0, 20]",1
668,3,male,0,0,M,S, Mr,"(20, 30]","(0, 20]",1
669,3,male,0,0,M,S, Mr,"(40, 50]","(0, 20]",1
670,1,female,1,0,C,S,Mrs,"(30, 40]","(20, 40]",2
671,2,female,1,1,M,S,Mrs,"(30, 40]","(0, 20]",3
672,1,male,1,0,B,S, Mr,"(30, 40]","(20, 40]",2
673,2,male,0,0,M,S, Mr,"(60, 70]","(0, 20]",1
674,2,male,0,0,M,S, Mr,"(30, 40]","(0, 20]",1
675,2,male,0,0,M,S, Mr,"(20, 30]",,1
676,3,male,0,0,M,S, Mr,"(10, 20]","(0, 20]",1
677,3,male,0,0,M,S, Mr,"(20, 30]","(0, 20]",1
678,3,female,0,0,M,S,Ms,"(10, 20]","(0, 20]",1
679,3,female,1,6,M,S,Mrs,"(40, 50]","(0, 20]",8
680,1,male,0,1,B,C, Mr,"(30, 40]","(80, 150]",2
681,3,female,0,0,M,Q,Ms,"(20, 30]","(0, 20]",1
682,1,male,0,0,D,C, Mr,"(20, 30]","(20, 40]",1
683,3,male,0,0,M,S, Mr,"(10, 20]","(0, 20]",1
684,3,male,5,2,M,S, Mr,"(10, 20]","(0, 20]",8
685,2,male,1,1,M,S, Mr,"(50, 60]","(0, 20]",3
686,2,male,1,2,M,C, Mr,"(20, 30]","(0, 20]",4
687,3,male,4,1,M,S, Mr,"(10, 20]","(0, 20]",6
688,3,male,0,0,M,S, Mr,"(10, 20]","(0, 20]",1
689,3,male,0,0,M,S, Mr,"(10, 20]","(0, 20]",1
690,1,female,0,1,B,S,Ms,"(10, 20]","(40, 60]",2
691,1,male,1,0,B,S, Mr,"(30, 40]","(20, 40]",2
692,3,female,0,1,M,C,Ms,"(0, 10]","(0, 20]",2
693,3,male,0,0,M,S, Mr,"(20, 30]","(0, 20]",1
694,3,male,0,0,M,C, Mr,"(20, 30]","(0, 20]",1
695,1,male,0,0,M,S,Military,"(50, 60]","(20, 40]",1
696,2,male,0,0,M,S, Mr,"(50, 60]","(0, 20]",1
697,3,male,0,0,M,S, Mr,"(40, 50]","(0, 20]",1
698,3,female,0,0,M,Q,Ms,"(20, 30]","(0, 20]",1
699,1,male,1,1,C,C, Mr,"(40, 50]","(20, 40]",3
700,3,male,0,0,F,S, Mr,"(40, 50]","(0, 20]",1
701,1,female,1,0,C,C,Mrs,"(10, 20]","(40, 60]",2
702,1,male,0,0,E,S, Mr,"(30, 40]","(20, 40]",1
703,3,female,0,1,M,C,Ms,"(10, 20]","(0, 20]",2
704,3,male,0,0,M,Q, Mr,"(20, 30]","(0, 20]",1
705,3,male,1,0,M,S, Mr,"(20, 30]","(0, 20]",2
706,2,male,0,0,M,S, Mr,"(30, 40]","(0, 20]",1
707,2,female,0,0,M,S,Mrs,"(40, 50]","(0, 20]",1
708,1,male,0,0,E,S, Mr,"(40, 50]","(20, 40]",1
709,1,female,0,0,M,S,Ms,"(20, 30]","(20, 40]",1
710,3,male,1,1,M,C,Nobility,"(20, 30]","(0, 20]",3
711,1,female,0,0,C,C,Ms,"(20, 30]","(40, 60]",1
712,1,male,0,0,C,S, Mr,"(30, 40]","(20, 40]",1
713,1,male,1,0,C,S, Mr,"(40, 50]","(20, 40]",2
714,3,male,0,0,M,S, Mr,"(20, 30]","(0, 20]",1
715,2,male,0,0,M,S, Mr,"(50, 60]","(0, 20]",1
716,3,male,0,0,F,S, Mr,"(10, 20]","(0, 20]",1
717,1,female,0,0,C,C,Ms,"(30, 40]","(40, 60]",1
718,2,female,0,0,E,S,Ms,"(20, 30]","(0, 20]",1
719,3,male,0,0,M,Q, Mr,"(20, 30]","(0, 20]",1
720,3,male,0,0,M,S, Mr,"(30, 40]","(0, 20]",1
721,2,female,0,1,M,S,Ms,"(0, 10]","(0, 20]",2
722,3,male,1,0,M,S, Mr,"(10, 20]","(0, 20]",2
723,2,male,0,0,M,S, Mr,"(30, 40]","(0, 20]",1
724,2,male,0,0,M,S, Mr,"(40, 50]","(0, 20]",1
725,1,male,1,0,E,S, Mr,"(20, 30]","(20, 40]",2
726,3,male,0,0,M,S, Mr,"(10, 20]","(0, 20]",1
727,2,female,3,0,M,S,Mrs,"(20, 30]","(0, 20]",4
728,3,female,0,0,M,Q,Ms,"(20, 30]","(0, 20]",1
729,2,male,1,0,M,S, Mr,"(20, 30]","(0, 20]",2
730,3,female,1,0,M,S,Ms,"(20, 30]","(0, 20]",2
731,1,female,0,0,B,S,Ms,"(20, 30]","(40, 60]",1
732,3,male,0,0,M,C, Mr,"(10, 20]","(0, 20]",1
733,2,male,0,0,M,S, Mr,"(20, 30]",,1
734,2,male,0,0,M,S, Mr,"(20, 30]","(0, 20]",1
735,2,male,0,0,M,S, Mr,"(20, 30]","(0, 20]",1
736,3,male,0,0,M,S, Mr,"(20, 30]","(0, 20]",1
737,3,female,1,3,M,S,Mrs,"(40, 50]","(0, 20]",5
738,1,male,0,0,B,C, Mr,"(30, 40]","(80, 150]",1
739,3,male,0,0,M,S, Mr,"(20, 30]","(0, 20]",1
740,3,male,0,0,M,S, Mr,"(20, 30]","(0, 20]",1
741,1,male,0,0,D,S, Mr,"(30, 40]","(20, 40]",1
742,1,male,1,0,C,S, Mr,"(30, 40]","(20, 40]",2
743,1,female,2,2,B,C,Ms,"(20, 30]","(20, 40]",5
744,3,male,1,0,M,S, Mr,"(20, 30]","(0, 20]",2
745,3,male,0,0,M,S, Mr,"(30, 40]","(0, 20]",1
746,1,male,1,1,B,S,Military,"(60, 70]","(20, 40]",3
747,3,male,1,1,M,S, Mr,"(10, 20]","(0, 20]",3
748,2,female,0,0,M,S,Ms,"(20, 30]","(0, 20]",1
749,1,male,1,0,D,S, Mr,"(10, 20]","(20, 40]",2
750,3,male,0,0,M,Q, Mr,"(30, 40]","(0, 20]",1
751,2,female,1,1,M,S,Ms,"(0, 10]","(0, 20]",3
752,3,male,0,1,E,S,Nobility,"(0, 10]","(0, 20]",2
753,3,male,0,0,M,S, Mr,"(30, 40]","(0, 20]",1
754,3,male,0,0,M,S, Mr,"(20, 30]","(0, 20]",1
755,2,female,1,2,M,S,Mrs,"(40, 50]","(0, 20]",4
756,2,male,1,1,M,S,Nobility,"(0, 10]","(0, 20]",3
757,3,male,0,0,M,S, Mr,"(20, 30]","(0, 20]",1
758,2,male,0,0,M,S, Mr,"(10, 20]","(0, 20]",1
759,3,male,0,0,M,S, Mr,"(30, 40]","(0, 20]",1
760,1,female,0,0,B,S,Nobility,"(30, 40]","(20, 40]",1
761,3,male,0,0,M,S, Mr,"(20, 30]","(0, 20]",1
762,3,male,0,0,M,S, Mr,"(40, 50]","(0, 20]",1
763,3,male,0,0,M,C, Mr,"(10, 20]","(0, 20]",1
764,1,female,1,2,B,S,Mrs,"(30, 40]","(20, 40]",4
765,3,male,0,0,M,S, Mr,"(10, 20]","(0, 20]",1
766,1,female,1,0,D,S,Mrs,"(50, 60]","(20, 40]",2
767,1,male,0,0,M,C, Dr,"(30, 40]","(20, 40]",1
768,3,female,0,0,M,Q,Ms,"(30, 40]","(0, 20]",1
769,3,male,1,0,M,Q, Mr,"(20, 30]","(0, 20]",2
770,3,male,0,0,M,S, Mr,"(30, 40]","(0, 20]",1
771,3,male,0,0,M,S, Mr,"(20, 30]","(0, 20]",1
772,3,male,0,0,M,S, Mr,"(40, 50]","(0, 20]",1
773,2,female,0,0,E,S,Mrs,"(50, 60]","(0, 20]",1
774,3,male,0,0,M,C, Mr,"(20, 30]","(0, 20]",1
775,2,female,1,3,M,S,Mrs,"(50, 60]","(0, 20]",5
776,3,male,0,0,M,S, Mr,"(10, 20]","(0, 20]",1
777,3,male,0,0,F,Q, Mr,"(20, 30]","(0, 20]",1
778,3,female,0,0,M,S,Ms,"(0, 10]","(0, 20]",1
779,3,male,0,0,M,Q, Mr,"(20, 30]","(0, 20]",1
780,1,female,0,1,B,S,Mrs,"(40, 50]","(40, 60]",2
781,3,female,0,0,M,C,Ms,"(10, 20]","(0, 20]",1
782,1,female,1,0,B,S,Mrs,"(10, 20]","(20, 40]",2
783,1,male,0,0,D,S, Mr,"(20, 30]","(20, 40]",1
784,3,male,1,2,M,S, Mr,"(20, 30]","(0, 20]",4
785,3,male,0,0,M,S, Mr,"(20, 30]","(0, 20]",1
786,3,male,0,0,M,S, Mr,"(20, 30]","(0, 20]",1
787,3,female,0,0,M,S,Ms,"(10, 20]","(0, 20]",1
788,3,male,4,1,M,Q,Nobility,"(0, 10]","(0, 20]",6
789,3,male,1,2,M,S,Nobility,"(0, 10]","(0, 20]",4
790,1,male,0,0,B,C, Mr,"(40, 50]","(20, 40]",1
791,3,male,0,0,M,Q, Mr,"(20, 30]","(0, 20]",1
792,2,male,0,0,M,S, Mr,"(10, 20]","(0, 20]",1
793,3,female,8,2,M,S,Ms,"(20, 30]","(0, 20]",11
794,1,male,0,0,M,C, Mr,"(30, 40]","(20, 40]",1
795,3,male,0,0,M,S, Mr,"(20, 30]","(0, 20]",1
796,2,male,0,0,M,S, Mr,"(30, 40]","(0, 20]",1
797,1,female,0,0,D,S, Dr,"(40, 50]","(20, 40]",1
798,3,female,0,0,M,S,Mrs,"(30, 40]","(0, 20]",1
799,3,male,0,0,M,C, Mr,"(20, 30]","(0, 20]",1
800,3,female,1,1,M,S,Mrs,"(20, 30]","(0, 20]",3
801,2,male,0,0,M,S, Mr,"(30, 40]","(0, 20]",1
802,2,female,1,1,M,S,Mrs,"(30, 40]","(0, 20]",3
803,1,male,1,2,B,S,Nobility,"(10, 20]","(20, 40]",4
804,3,male,0,1,M,C,Nobility,"(0, 10]","(0, 20]",2
805,3,male,0,0,M,S, Mr,"(20, 30]","(0, 20]",1
806,3,male,0,0,M,S, Mr,"(30, 40]","(0, 20]",1
807,1,male,0,0,A,S, Mr,"(30, 40]",,1
808,3,female,0,0,M,S,Ms,"(10, 20]","(0, 20]",1
809,2,male,0,0,M,S, Mr,"(30, 40]","(0, 20]",1
810,1,female,1,0,E,S,Mrs,"(30, 40]","(20, 40]",2
811,3,male,0,0,M,S, Mr,"(20, 30]","(0, 20]",1
812,3,male,0,0,M,S, Mr,"(30, 40]","(0, 20]",1
813,2,male,0,0,M,S, Mr,"(30, 40]","(0, 20]",1
814,3,female,4,2,M,S,Ms,"(0, 10]","(0, 20]",7
815,3,male,0,0,M,S, Mr,"(30, 40]","(0, 20]",1
816,1,male,0,0,B,S, Mr,"(30, 40]",,1
817,3,female,0,0,M,S,Ms,"(20, 30]","(0, 20]",1
818,2,male,1,1,M,C, Mr,"(30, 40]","(0, 20]",3
819,3,male,0,0,M,S, Mr,"(40, 50]","(0, 20]",1
820,3,male,3,2,M,S,Nobility,"(0, 10]","(0, 20]",6
821,1,female,1,1,B,S,Mrs,"(50, 60]","(20, 40]",3
822,3,male,0,0,M,S, Mr,"(20, 30]","(0, 20]",1
823,1,male,0,0,M,S,Nobility,"(30, 40]",,1
824,3,female,0,1,E,S,Mrs,"(20, 30]","(0, 20]",2
825,3,male,4,1,M,S,Nobility,"(0, 10]","(0, 20]",6
826,3,male,0,0,M,Q, Mr,"(20, 30]","(0, 20]",1
827,3,male,0,0,M,S, Mr,"(20, 30]","(0, 20]",1
828,2,male,0,2,M,C,Nobility,"(0, 10]","(0, 20]",3
829,3,male,0,0,M,Q, Mr,"(20, 30]","(0, 20]",1
830,1,female,0,0,B,C,Mrs,"(60, 70]","(20, 40]",1
831,3,female,1,0,M,C,Mrs,"(10, 20]","(0, 20]",2
832,2,male,1,1,M,S,Nobility,"(0, 10]","(0, 20]",3
833,3,male,0,0,M,C, Mr,"(20, 30]","(0, 20]",1
834,3,male,0,0,M,S, Mr,"(20, 30]","(0, 20]",1
835,3,male,0,0,M,S, Mr,"(10, 20]","(0, 20]",1
836,1,female,1,1,E,C,Ms,"(30, 40]","(20, 40]",3
837,3,male,0,0,M,S, Mr,"(20, 30]","(0, 20]",1
838,3,male,0,0,M,S, Mr,"(20, 30]","(0, 20]",1
839,3,male,0,0,M,S, Mr,"(30, 40]","(0, 20]",1
840,1,male,0,0,C,C, Mr,"(30, 40]","(20, 40]",1
841,3,male,0,0,M,S, Mr,"(10, 20]","(0, 20]",1
842,2,male,0,0,M,S, Mr,"(10, 20]","(0, 20]",1
843,1,female,0,0,M,C,Ms,"(20, 30]","(0, 20]",1
844,3,male,0,0,M,C, Mr,"(30, 40]","(0, 20]",1
845,3,male,0,0,M,S, Mr,"(10, 20]","(0, 20]",1
846,3,male,0,0,M,S, Mr,"(40, 50]","(0, 20]",1
847,3,male,8,2,M,S, Mr,"(20, 30]","(0, 20]",11
848,3,male,0,0,M,C, Mr,"(30, 40]","(0, 20]",1
849,2,male,0,1,M,S, Rev,"(20, 30]","(0, 20]",2
850,1,female,1,0,C,C,Mrs,"(30, 40]","(40, 60]",2
851,3,male,4,2,M,S,Nobility,"(0, 10]","(0, 20]",7
852,3,male,0,0,M,S, Mr,"(70, 80]","(0, 20]",1
853,3,female,1,1,M,C,Ms,"(0, 10]","(0, 20]",3
854,1,female,0,1,D,S,Ms,"(10, 20]","(0, 20]",2
855,2,female,1,0,M,S,Mrs,"(40, 50]","(0, 20]",2
856,3,female,0,1,M,S,Mrs,"(10, 20]","(0, 20]",2
857,1,female,1,1,M,S,Mrs,"(40, 50]","(40, 60]",3
858,1,male,0,0,E,S, Mr,"(50, 60]","(20, 40]",1
859,3,female,0,3,M,C,Mrs,"(20, 30]","(0, 20]",4
860,3,male,0,0,M,C, Mr,"(20, 30]","(0, 20]",1
861,3,male,2,0,M,S, Mr,"(40, 50]","(0, 20]",3
862,2,male,1,0,M,S, Mr,"(20, 30]","(0, 20]",2
863,1,female,0,0,D,S,Mrs,"(40, 50]","(20, 40]",1
864,3,female,8,2,M,S,Ms,"(20, 30]","(0, 20]",11
865,2,male,0,0,M,S, Mr,"(20, 30]","(0, 20]",1
866,2,female,0,0,M,S,Mrs,"(40, 50]","(0, 20]",1
867,2,female,1,0,M,C,Ms,"(20, 30]","(0, 20]",2
868,1,male,0,0,A,S, Mr,"(30, 40]","(40, 60]",1
869,3,male,0,0,M,S, Mr,"(20, 30]","(0, 20]",1
870,3,male,1,1,M,S,Nobility,"(0, 10]","(0, 20]",3
871,3,male,0,0,M,S, Mr,"(20, 30]","(0, 20]",1
872,1,female,1,1,D,S,Mrs,"(40, 50]","(20, 40]",3
873,1,male,0,0,B,S, Mr,"(30, 40]","(0, 20]",1
874,3,male,0,0,M,S, Mr,"(40, 50]","(0, 20]",1
875,2,female,1,0,M,C,Mrs,"(20, 30]","(0, 20]",2
876,3,female,0,0,M,C,Ms,"(10, 20]","(0, 20]",1
877,3,male,0,0,M,S, Mr,"(10, 20]","(0, 20]",1
878,3,male,0,0,M,S, Mr,"(10, 20]","(0, 20]",1
879,3,male,0,0,M,S, Mr,"(20, 30]","(0, 20]",1
880,1,female,0,1,C,C,Mrs,"(50, 60]","(20, 40]",2
881,2,female,0,1,M,S,Mrs,"(20, 30]","(0, 20]",2
882,3,male,0,0,M,S, Mr,"(30, 40]","(0, 20]",1
883,3,female,0,0,M,S,Ms,"(20, 30]","(0, 20]",1
884,2,male,0,0,M,S, Mr,"(20, 30]","(0, 20]",1
885,3,male,0,0,M,S, Mr,"(20, 30]","(0, 20]",1
886,3,female,0,5,M,Q,Mrs,"(30, 40]","(0, 20]",6
887,2,male,0,0,M,S, Rev,"(20, 30]","(0, 20]",1
888,1,female,0,0,B,S,Ms,"(10, 20]","(20, 40]",1
889,3,female,1,2,M,S,Ms,"(20, 30]","(0, 20]",4
890,1,male,0,0,C,C, Mr,"(20, 30]","(20, 40]",1
891,3,male,0,0,M,Q, Mr,"(30, 40]","(0, 20]",1
892,3,male,0,0,M,Q, Mr,"(30, 40]","(0, 20]",1
893,3,female,1,0,M,S,Mrs,"(40, 50]","(0, 20]",2
894,2,male,0,0,M,Q, Mr,"(60, 70]","(0, 20]",1
895,3,male,0,0,M,S, Mr,"(20, 30]","(0, 20]",1
896,3,female,1,1,M,S,Mrs,"(20, 30]","(0, 20]",3
897,3,male,0,0,M,S, Mr,"(10, 20]","(0, 20]",1
898,3,female,0,0,M,Q,Ms,"(20, 30]","(0, 20]",1
899,2,male,1,1,M,S, Mr,"(20, 30]","(0, 20]",3
900,3,female,0,0,M,C,Mrs,"(10, 20]","(0, 20]",1
901,3,male,2,0,M,S, Mr,"(20, 30]","(0, 20]",3
902,3,male,0,0,M,S, Mr,"(20, 30]","(0, 20]",1
903,1,male,0,0,M,S, Mr,"(40, 50]","(20, 40]",1
904,1,female,1,0,B,S,Mrs,"(20, 30]","(40, 60]",2
905,2,male,1,0,M,S, Mr,"(60, 70]","(0, 20]",2
906,1,female,1,0,E,S,Mrs,"(40, 50]","(20, 40]",2
907,2,female,1,0,M,C,Mrs,"(20, 30]","(0, 20]",2
908,2,male,0,0,M,Q, Mr,"(30, 40]","(0, 20]",1
909,3,male,0,0,M,C, Mr,"(20, 30]","(0, 20]",1
910,3,female,1,0,M,S,Ms,"(20, 30]","(0, 20]",2
911,3,female,0,0,M,C,Mrs,"(40, 50]","(0, 20]",1
912,1,male,1,0,M,C, Mr,"(50, 60]","(20, 40]",2
913,3,male,0,1,M,S,Nobility,"(0, 10]","(0, 20]",2
914,1,female,0,0,M,S,Mrs,"(30, 40]","(20, 40]",1
915,1,male,0,1,M,C, Mr,"(20, 30]","(20, 40]",2
916,1,female,1,3,B,C,Mrs,"(40, 50]","(20, 40]",5
917,3,male,1,0,M,S, Mr,"(40, 50]","(0, 20]",2
918,1,female,0,1,B,C,Ms,"(20, 30]","(20, 40]",2
919,3,male,0,0,M,C, Mr,"(20, 30]","(0, 20]",1
920,1,male,0,0,A,S, Mr,"(40, 50]","(20, 40]",1
921,3,male,2,0,M,C, Mr,"(20, 30]","(0, 20]",3
922,2,male,1,0,M,S, Mr,"(40, 50]","(0, 20]",2
923,2,male,2,0,M,S, Mr,"(20, 30]","(0, 20]",3
924,3,female,1,2,M,S,Mrs,"(30, 40]","(0, 20]",4
925,3,female,1,2,M,S,Mrs,"(20, 30]","(0, 20]",4
926,1,male,1,0,C,C, Mr,"(20, 30]","(20, 40]",2
927,3,male,0,0,M,C, Mr,"(10, 20]","(0, 20]",1
928,3,female,0,0,M,S,Ms,"(20, 30]","(0, 20]",1
929,3,female,0,0,M,S,Ms,"(20, 30]","(0, 20]",1
930,3,male,0,0,M,S, Mr,"(20, 30]","(0, 20]",1
931,3,male,0,0,M,S, Mr,"(20, 30]","(0, 20]",1
932,3,male,0,1,M,C, Mr,"(30, 40]","(0, 20]",2
933,1,male,0,0,D,S, Mr,"(30, 40]","(20, 40]",1
934,3,male,0,0,M,S, Mr,"(40, 50]","(0, 20]",1
935,2,female,0,0,M,S,Mrs,"(20, 30]","(0, 20]",1
936,1,female,1,0,D,S,Mrs,"(40, 50]","(20, 40]",2
937,3,male,0,0,M,S, Mr,"(20, 30]","(0, 20]",1
938,1,male,0,0,A,C, Mr,"(40, 50]","(20, 40]",1
939,3,male,0,0,M,Q, Mr,"(20, 30]","(0, 20]",1
940,1,female,0,0,D,C,Mrs,"(50, 60]","(20, 40]",1
941,3,female,0,2,M,S,Mrs,"(30, 40]","(0, 20]",3
942,1,male,1,0,C,S, Mr,"(20, 30]","(20, 40]",2
943,2,male,0,0,M,C, Mr,"(20, 30]","(0, 20]",1
944,2,female,2,1,M,S,Ms,"(10, 20]","(0, 20]",4
945,1,female,3,2,C,S,Ms,"(20, 30]","(40, 60]",6
946,2,male,0,0,M,C, Mr,"(20, 30]","(0, 20]",1
947,3,male,4,1,M,Q,Nobility,"(0, 10]","(0, 20]",6
948,3,male,0,0,M,S, Mr,"(30, 40]","(0, 20]",1
949,3,male,0,0,F,S, Mr,"(20, 30]","(0, 20]",1
950,3,male,1,0,M,S, Mr,"(20, 30]","(0, 20]",2
951,1,female,0,0,B,C,Ms,"(30, 40]","(20, 40]",1
952,3,male,0,0,M,S, Mr,"(10, 20]","(0, 20]",1
953,2,male,0,0,M,S, Mr,"(30, 40]","(0, 20]",1
954,3,male,0,0,M,S, Mr,"(10, 20]","(0, 20]",1
955,3,female,0,0,M,Q,Ms,"(20, 30]","(0, 20]",1
956,1,male,2,2,B,C,Nobility,"(10, 20]","(20, 40]",5
957,2,female,0,0,M,S,Mrs,"(20, 30]","(0, 20]",1
958,3,female,0,0,M,Q,Ms,"(10, 20]","(0, 20]",1
959,1,male,0,0,M,S, Mr,"(40, 50]","(20, 40]",1
960,1,male,0,0,C,C, Mr,"(30, 40]","(20, 40]",1
961,1,female,1,4,C,S,Mrs,"(50, 60]","(40, 60]",6
962,3,female,0,0,M,Q,Ms,"(20, 30]","(0, 20]",1
963,3,male,0,0,M,S, Mr,"(20, 30]","(0, 20]",1
964,3,female,0,0,M,S,Ms,"(20, 30]","(0, 20]",1
965,1,male,0,0,D,C, Mr,"(20, 30]","(20, 40]",1
966,1,female,0,0,C,C,Ms,"(30, 40]","(40, 60]",1
967,1,male,0,0,C,C, Mr,"(30, 40]","(40, 60]",1
968,3,male,0,0,M,S, Mr,"(20, 30]","(0, 20]",1
969,1,female,2,0,C,S,Mrs,"(50, 60]","(20, 40]",3
970,2,male,0,0,M,S, Mr,"(20, 30]","(0, 20]",1
971,3,female,0,0,M,Q,Ms,"(20, 30]","(0, 20]",1
972,3,male,1,1,M,C,Nobility,"(0, 10]","(0, 20]",3
973,1,male,1,0,C,S, Mr,"(60, 70]","(40, 60]",2
974,1,male,0,0,M,S, Mr,"(40, 50]","(20, 40]",1
975,3,male,0,0,M,S, Mr,"(20, 30]","(0, 20]",1
976,2,male,0,0,M,Q, Mr,"(20, 30]","(0, 20]",1
977,3,male,1,0,M,C, Mr,"(20, 30]","(0, 20]",2
978,3,female,0,0,M,Q,Ms,"(20, 30]","(0, 20]",1
979,3,female,0,0,M,S,Ms,"(10, 20]","(0, 20]",1
980,3,female,0,0,M,Q,Ms,"(20, 30]","(0, 20]",1
981,2,male,1,1,M,S,Nobility,"(0, 10]","(0, 20]",3
982,3,female,1,0,M,S,Mrs,"(20, 30]","(0, 20]",2
983,3,male,0,0,M,S, Mr,"(20, 30]","(0, 20]",1
984,1,female,1,2,B,S,Mrs,"(20, 30]","(20, 40]",4
985,3,male,0,0,M,S, Mr,"(20, 30]","(0, 20]",1
986,1,male,0,0,M,C, Mr,"(20, 30]","(20, 40]",1
987,3,male,0,0,M,S, Mr,"(20, 30]","(0, 20]",1
988,1,female,1,0,C,S,Mrs,"(70, 80]","(20, 40]",2
989,3,male,0,0,M,S, Mr,"(20, 30]","(0, 20]",1
990,3,female,0,0,M,S,Ms,"(10, 20]","(0, 20]",1
991,3,male,0,0,M,S, Mr,"(30, 40]","(0, 20]",1
992,1,female,1,0,C,C,Mrs,"(40, 50]","(20, 40]",2
993,2,male,1,0,M,S, Mr,"(20, 30]","(0, 20]",2
994,3,male,0,0,M,Q, Mr,"(20, 30]","(0, 20]",1
995,3,male,0,0,M,S, Mr,"(20, 30]","(0, 20]",1
996,3,female,1,1,M,C,Mrs,"(10, 20]","(0, 20]",3
997,3,male,0,0,M,S, Mr,"(20, 30]","(0, 20]",1
998,3,male,0,0,M,Q, Mr,"(20, 30]","(0, 20]",1
999,3,male,0,0,M,Q, Mr,"(20, 30]","(0, 20]",1
1000,3,male,0,0,M,S, Mr,"(20, 30]","(0, 20]",1
1001,2,male,0,0,F,S, Mr,"(10, 20]","(0, 20]",1
1002,2,male,0,0,M,C, Mr,"(40, 50]","(0, 20]",1
1003,3,female,0,0,M,Q,Ms,"(20, 30]","(0, 20]",1
1004,1,female,0,0,A,C,Ms,"(30, 40]","(20, 40]",1
1005,3,female,0,0,M,Q,Ms,"(10, 20]","(0, 20]",1
1006,1,female,1,0,C,S,Mrs,"(60, 70]","(40, 60]",2
1007,3,male,1,0,M,C, Mr,"(10, 20]","(0, 20]",2
1008,3,male,0,0,M,C, Mr,"(20, 30]","(0, 20]",1
1009,3,female,1,1,G,S,Ms,"(0, 10]","(0, 20]",3
1010,1,male,0,0,C,C, Mr,"(30, 40]","(20, 40]",1
1011,2,female,1,0,M,S,Mrs,"(20, 30]","(0, 20]",2
1012,2,female,0,0,M,S,Ms,"(10, 20]","(0, 20]",1
1013,3,male,1,0,M,Q, Mr,"(20, 30]","(0, 20]",2
1014,1,female,1,0,C,C,Mrs,"(30, 40]","(20, 40]",2
1015,3,male,0,0,M,S, Mr,"(20, 30]","(0, 20]",1
1016,3,male,0,0,M,Q, Mr,"(20, 30]","(0, 20]",1
1017,3,female,0,1,M,S,Ms,"(10, 20]","(0, 20]",2
1018,3,male,0,0,M,S, Mr,"(20, 30]","(0, 20]",1
1019,3,female,2,0,M,Q,Ms,"(20, 30]","(0, 20]",3
1020,2,male,0,0,M,S, Mr,"(40, 50]","(0, 20]",1
1021,3,male,0,0,M,S, Mr,"(20, 30]","(0, 20]",1
1022,3,male,0,0,M,S, Mr,"(30, 40]","(0, 20]",1
1023,1,male,0,0,C,C,Military,"(50, 60]","(20, 40]",1
1024,3,female,0,4,M,S,Mrs,"(20, 30]","(0, 20]",5
1025,3,male,1,0,M,C, Mr,"(20, 30]","(0, 20]",2
1026,3,male,0,0,M,S, Mr,"(40, 50]","(0, 20]",1
1027,3,male,0,0,M,S, Mr,"(20, 30]","(0, 20]",1
1028,3,male,0,0,M,C, Mr,"(20, 30]","(0, 20]",1
1029,2,male,0,0,M,S, Mr,"(20, 30]","(0, 20]",1
1030,3,female,0,0,M,S,Ms,"(20, 30]","(0, 20]",1
1031,3,male,1,6,M,S, Mr,"(30, 40]","(0, 20]",8
1032,3,female,5,2,M,S,Ms,"(0, 10]","(0, 20]",8
1033,1,female,0,0,M,S,Ms,"(30, 40]","(20, 40]",1
1034,1,male,1,3,B,C, Mr,"(60, 70]","(20, 40]",5
1035,2,male,0,0,M,S, Mr,"(20, 30]","(0, 20]",1
1036,1,male,0,0,M,S, Mr,"(40, 50]","(20, 40]",1
1037,3,male,3,0,M,S, Mr,"(30, 40]","(0, 20]",4
1038,1,male,0,0,E,S, Mr,"(30, 40]","(20, 40]",1
1039,3,male,0,0,M,S, Mr,"(20, 30]","(0, 20]",1
1040,1,male,0,0,M,S, Mr,"(30, 40]","(20, 40]",1
1041,2,male,1,1,M,S, Rev,"(20, 30]","(0, 20]",3
1042,1,female,0,1,C,C,Mrs,"(20, 30]","(20, 40]",2
1043,3,male,0,0,M,C, Mr,"(20, 30]","(0, 20]",1
1044,3,male,0,0,M,S, Mr,"(60, 70]","(0, 20]",1
1045,3,female,0,2,M,S,Mrs,"(30, 40]","(0, 20]",3
1046,3,male,4,2,M,S,Nobility,"(10, 20]","(0, 20]",7
1047,3,male,0,0,M,S, Mr,"(20, 30]","(0, 20]",1
1048,1,female,0,0,C,S,Ms,"(20, 30]","(40, 60]",1
1049,3,female,0,0,M,S,Ms,"(20, 30]","(0, 20]",1
1050,1,male,0,0,D,S, Mr,"(40, 50]","(20, 40]",1
1051,3,female,0,2,M,S,Mrs,"(20, 30]","(0, 20]",3
1052,3,female,0,0,M,Q,Ms,"(20, 30]","(0, 20]",1
1053,3,male,1,1,M,C,Nobility,"(0, 10]","(0, 20]",3
1054,2,female,0,0,M,S,Ms,"(20, 30]","(0, 20]",1
1055,3,male,0,0,M,S, Mr,"(20, 30]","(0, 20]",1
1056,2,male,0,0,M,S, Rev,"(40, 50]","(0, 20]",1
1057,3,female,1,1,M,S,Mrs,"(20, 30]","(0, 20]",3
1058,1,male,0,0,B,C, Mr,"(40, 50]","(40, 60]",1
1059,3,male,2,2,M,S, Mr,"(10, 20]","(0, 20]",5
1060,1,female,0,0,M,C,Mrs,"(30, 40]","(20, 40]",1
1061,3,female,0,0,M,S,Ms,"(20, 30]","(0, 20]",1
1062,3,male,0,0,M,S, Mr,"(20, 30]","(0, 20]",1
1063,3,male,0,0,M,C, Mr,"(20, 30]","(0, 20]",1
1064,3,male,1,0,M,S, Mr,"(20, 30]","(0, 20]",2
1065,3,male,0,0,M,C, Mr,"(20, 30]","(0, 20]",1
1066,3,male,1,5,M,S, Mr,"(30, 40]","(0, 20]",7
1067,2,female,0,2,M,S,Ms,"(10, 20]","(0, 20]",3
1068,2,female,0,0,M,S,Ms,"(10, 20]","(0, 20]",1
1069,1,male,1,0,C,C, Mr,"(50, 60]","(20, 40]",2
1070,2,female,0,3,F,S,Mrs,"(30, 40]","(0, 20]",4
1071,1,female,0,2,E,C,Mrs,"(60, 70]","(20, 40]",3
1072,2,male,0,0,M,S, Mr,"(20, 30]","(0, 20]",1
1073,1,male,1,1,E,C, Mr,"(30, 40]","(20, 40]",3
1074,1,female,1,0,D,S,Mrs,"(10, 20]","(20, 40]",2
1075,3,male,0,0,M,Q, Mr,"(20, 30]","(0, 20]",1
1076,1,female,1,1,B,C,Mrs,"(20, 30]","(80, 150]",3
1077,2,male,0,0,M,S, Mr,"(30, 40]","(0, 20]",1
1078,2,female,0,1,M,S,Ms,"(20, 30]","(0, 20]",2
1079,3,male,2,0,M,S, Mr,"(10, 20]","(0, 20]",3
1080,3,female,8,2,M,S,Ms,"(20, 30]","(0, 20]",11
1081,2,male,0,0,M,S, Mr,"(30, 40]","(0, 20]",1
1082,2,male,1,0,M,S, Mr,"(30, 40]","(0, 20]",2
1083,1,male,0,0,M,S, Mr,"(30, 40]","(20, 40]",1
1084,3,male,1,1,M,S,Nobility,"(10, 20]","(0, 20]",3
1085,2,male,0,0,M,Q, Mr,"(60, 70]","(0, 20]",1
1086,2,male,0,2,M,S,Nobility,"(0, 10]","(0, 20]",3
1087,3,male,0,0,M,S, Mr,"(30, 40]","(0, 20]",1
1088,1,male,0,2,E,C,Nobility,"(0, 10]","(20, 40]",3
1089,3,female,0,0,M,S,Ms,"(10, 20]","(0, 20]",1
1090,2,male,0,0,M,S, Mr,"(20, 30]","(0, 20]",1
1091,3,female,0,0,M,S,Mrs,"(20, 30]","(0, 20]",1
1092,3,female,0,0,M,Q,Ms,"(20, 30]","(0, 20]",1
1093,3,male,0,2,M,S,Nobility,"(0, 10]","(0, 20]",3
1094,1,male,1,0,C,C,Military,"(40, 50]","(40, 60]",2
1095,2,female,1,1,M,S,Ms,"(0, 10]","(0, 20]",3
1096,2,male,0,0,M,S, Mr,"(20, 30]","(0, 20]",1
1097,1,male,0,0,M,C, Mr,"(30, 40]","(20, 40]",1
1098,3,female,0,0,M,Q,Ms,"(30, 40]","(0, 20]",1
1099,2,male,0,0,M,S, Mr,"(20, 30]","(0, 20]",1
1100,1,female,0,0,A,C,Ms,"(30, 40]","(20, 40]",1
1101,3,male,0,0,M,S, Mr,"(20, 30]","(0, 20]",1
1102,3,male,0,0,M,S, Mr,"(30, 40]","(0, 20]",1
1103,3,male,0,0,M,S, Mr,"(20, 30]","(0, 20]",1
1104,2,male,0,0,M,S, Mr,"(10, 20]","(0, 20]",1
1105,2,female,1,0,M,S,Mrs,"(50, 60]","(0, 20]",2
1106,3,female,4,2,M,S,Ms,"(30, 40]","(0, 20]",7
1107,1,male,0,0,B,S, Mr,"(40, 50]","(40, 60]",1
1108,3,female,0,0,M,Q,Ms,"(20, 30]","(0, 20]",1
1109,1,male,1,1,M,S, Mr,"(50, 60]","(40, 60]",3
1110,1,female,1,1,C,C,Mrs,"(40, 50]","(40, 60]",3
1111,3,male,0,0,M,S, Mr,"(20, 30]","(0, 20]",1
1112,2,female,1,0,M,C,Ms,"(20, 30]","(0, 20]",2
1113,3,male,0,0,M,S, Mr,"(20, 30]","(0, 20]",1
1114,2,female,0,0,F,S,Mrs,"(20, 30]","(0, 20]",1
1115,3,male,0,0,M,S, Mr,"(20, 30]","(0, 20]",1
1116,1,female,0,0,M,C,Mrs,"(50, 60]","(20, 40]",1
1117,3,female,0,2,M,C,Mrs,"(20, 30]","(0, 20]",3
1118,3,male,0,0,M,S, Mr,"(20, 30]","(0, 20]",1
1119,3,female,0,0,M,Q,Ms,"(20, 30]","(0, 20]",1
1120,3,male,0,0,M,S, Mr,"(40, 50]","(0, 20]",1
1121,2,male,0,0,M,S, Mr,"(30, 40]","(0, 20]",1
1122,2,male,0,0,M,S, Mr,"(10, 20]","(0, 20]",1
1123,1,female,0,0,M,S,Ms,"(20, 30]","(20, 40]",1
1124,3,male,1,0,M,S, Mr,"(20, 30]","(0, 20]",2
1125,3,male,0,0,M,Q, Mr,"(20, 30]","(0, 20]",1
1126,1,male,1,0,C,C, Mr,"(30, 40]","(20, 40]",2
1127,3,male,0,0,M,S, Mr,"(10, 20]","(0, 20]",1
1128,1,male,1,0,D,C, Mr,"(60, 70]","(20, 40]",2
1129,3,male,0,0,M,C, Mr,"(10, 20]","(0, 20]",1
1130,2,female,1,1,M,S,Ms,"(10, 20]","(0, 20]",3
1131,1,female,1,0,C,C,Mrs,"(40, 50]","(20, 40]",2
1132,1,female,0,0,M,C,Mrs,"(50, 60]","(20, 40]",1
1133,2,female,0,2,M,S,Mrs,"(40, 50]","(0, 20]",3
1134,1,male,1,1,E,C, Mr,"(40, 50]","(20, 40]",3
1135,3,male,0,0,M,S, Mr,"(20, 30]","(0, 20]",1
1136,3,male,1,2,M,S,Nobility,"(20, 30]","(0, 20]",4
1137,1,male,1,0,D,S, Mr,"(40, 50]","(20, 40]",2
1138,2,female,0,0,M,S,Mrs,"(20, 30]","(0, 20]",1
1139,2,male,1,1,M,S, Mr,"(40, 50]","(0, 20]",3
1140,2,female,1,0,M,S,Mrs,"(20, 30]","(0, 20]",2
1141,3,female,1,0,M,C,Mrs,"(20, 30]","(0, 20]",2
1142,2,female,1,2,M,S,Ms,"(0, 10]","(0, 20]",4
1143,3,male,0,0,M,S, Mr,"(10, 20]","(0, 20]",1
1144,1,male,1,0,C,C, Mr,"(20, 30]","(60, 80]",2
1145,3,male,0,0,M,S, Mr,"(20, 30]","(0, 20]",1
1146,3,male,0,0,M,S, Mr,"(30, 40]","(0, 20]",1
1147,3,male,0,0,M,S, Mr,"(20, 30]","(0, 20]",1
1148,3,male,0,0,M,Q, Mr,"(20, 30]","(0, 20]",1
1149,3,male,0,0,M,S, Mr,"(20, 30]","(0, 20]",1
1150,2,female,0,0,M,S,Ms,"(10, 20]","(0, 20]",1
1151,3,male,0,0,M,S, Mr,"(20, 30]","(0, 20]",1
1152,3,male,1,0,M,S, Mr,"(30, 40]","(0, 20]",2
1153,3,male,0,0,M,S, Mr,"(20, 30]","(0, 20]",1
1154,2,female,0,2,M,S,Mrs,"(20, 30]","(0, 20]",3
1155,3,female,1,1,M,S,Ms,"(0, 10]","(0, 20]",3
1156,2,male,0,0,M,C, Mr,"(20, 30]","(0, 20]",1
1157,3,male,0,0,M,S, Mr,"(20, 30]","(0, 20]",1
1158,1,male,0,0,M,S, Mr,"(30, 40]",,1
1159,3,male,0,0,M,S, Mr,"(20, 30]","(0, 20]",1
1160,3,female,0,0,M,S,Ms,"(20, 30]","(0, 20]",1
1161,3,male,0,0,M,S, Mr,"(10, 20]","(0, 20]",1
1162,1,male,0,0,C,C, Mr,"(40, 50]","(20, 40]",1
1163,3,male,0,0,M,Q, Mr,"(20, 30]","(0, 20]",1
1164,1,female,1,0,C,C,Mrs,"(20, 30]","(60, 80]",2
1165,3,female,1,0,M,Q,Ms,"(20, 30]","(0, 20]",2
1166,3,male,0,0,M,C, Mr,"(20, 30]","(0, 20]",1
1167,2,female,1,0,M,S,Ms,"(10, 20]","(0, 20]",2
1168,2,male,0,0,M,S, Mr,"(20, 30]","(0, 20]",1
1169,2,male,1,0,M,S, Mr,"(30, 40]","(0, 20]",2
1170,2,male,1,0,M,S, Mr,"(20, 30]","(0, 20]",2
1171,2,male,0,0,M,S, Mr,"(20, 30]","(0, 20]",1
1172,3,female,0,0,M,S,Ms,"(20, 30]","(0, 20]",1
1173,3,male,1,1,M,S,Nobility,"(0, 10]","(0, 20]",3
1174,3,female,0,0,M,Q,Ms,"(20, 30]","(0, 20]",1
1175,3,female,1,1,M,C,Ms,"(0, 10]","(0, 20]",3
1176,3,female,1,1,M,S,Ms,"(0, 10]","(0, 20]",3
1177,3,male,0,0,M,S, Mr,"(30, 40]","(0, 20]",1
1178,3,male,0,0,M,S, Mr,"(20, 30]","(0, 20]",1
1179,1,male,1,0,B,S, Mr,"(20, 30]","(40, 60]",2
1180,3,male,0,0,F,C, Mr,"(20, 30]","(0, 20]",1
1181,3,male,0,0,M,S, Mr,"(20, 30]","(0, 20]",1
1182,1,male,0,0,M,S, Mr,"(30, 40]","(20, 40]",1
1183,3,female,0,0,M,Q,Ms,"(20, 30]","(0, 20]",1
1184,3,male,0,0,M,C, Mr,"(20, 30]","(0, 20]",1
1185,1,male,1,1,A,S, Dr,"(50, 60]","(20, 40]",3
1186,3,male,0,0,M,S, Mr,"(30, 40]","(0, 20]",1
1187,3,male,0,0,M,S, Mr,"(20, 30]","(0, 20]",1
1188,2,female,1,2,M,C,Ms,"(0, 10]","(0, 20]",4
1189,3,male,2,0,M,C, Mr,"(20, 30]","(0, 20]",3
1190,1,male,0,0,M,S, Mr,"(20, 30]","(40, 60]",1
1191,3,male,0,0,M,S, Mr,"(20, 30]","(0, 20]",1
1192,3,male,0,0,M,S, Mr,"(30, 40]","(0, 20]",1
1193,2,male,0,0,D,C, Mr,"(20, 30]","(0, 20]",1
1194,2,male,0,1,M,S, Mr,"(40, 50]","(0, 20]",2
1195,3,male,0,0,M,S, Mr,"(20, 30]","(0, 20]",1
1196,3,female,0,0,M,Q,Ms,"(20, 30]","(0, 20]",1
1197,1,female,1,1,B,S,Mrs,"(60, 70]","(20, 40]",3
1198,1,male,1,2,C,S, Mr,"(20, 30]","(20, 40]",4
1199,3,male,0,1,M,S,Nobility,"(0, 10]","(0, 20]",2
1200,1,male,1,1,B,S, Mr,"(50, 60]","(20, 40]",3
1201,3,female,1,0,M,S,Mrs,"(40, 50]","(0, 20]",2
1202,3,male,0,0,M,S, Mr,"(10, 20]","(0, 20]",1
1203,3,male,0,0,M,C, Mr,"(20, 30]","(0, 20]",1
1204,3,male,0,0,M,S, Mr,"(20, 30]","(0, 20]",1
1205,3,female,0,0,M,Q,Ms,"(30, 40]","(0, 20]",1
1206,1,female,0,0,C,C,Mrs,"(50, 60]","(20, 40]",1
1207,3,female,0,0,M,Q,Ms,"(10, 20]","(0, 20]",1
1208,1,male,1,0,B,C, Mr,"(50, 60]","(40, 60]",2
1209,2,male,0,0,M,S, Mr,"(10, 20]","(0, 20]",1
1210,3,male,0,0,M,S, Mr,"(20, 30]","(0, 20]",1
1211,2,male,2,0,M,S, Mr,"(20, 30]","(0, 20]",3
1212,3,male,0,0,M,S, Mr,"(20, 30]","(0, 20]",1
1213,3,male,0,0,F,C, Mr,"(20, 30]","(0, 20]",1
1214,2,male,0,0,F,S, Mr,"(20, 30]","(0, 20]",1
1215,1,male,0,0,M,S, Mr,"(30, 40]","(20, 40]",1
1216,1,female,0,0,M,S,Ms,"(30, 40]","(40, 60]",1
1217,3,male,0,0,M,S, Mr,"(20, 30]","(0, 20]",1
1218,2,female,2,1,F,S,Ms,"(10, 20]","(0, 20]",4
1219,1,male,0,0,M,C, Mr,"(40, 50]","(20, 40]",1
1220,2,male,1,0,M,S, Mr,"(20, 30]","(0, 20]",2
1221,2,male,0,0,M,S, Mr,"(20, 30]","(0, 20]",1
1222,2,female,0,2,M,S,Mrs,"(40, 50]","(0, 20]",3
1223,1,male,0,0,A,C, Mr,"(30, 40]","(20, 40]",1
1224,3,male,0,0,M,C, Mr,"(20, 30]","(0, 20]",1
1225,3,female,1,1,M,C,Mrs,"(10, 20]","(0, 20]",3
1226,3,male,0,0,M,S, Mr,"(20, 30]","(0, 20]",1
1227,1,male,0,0,C,S, Mr,"(20, 30]","(20, 40]",1
1228,2,male,0,0,M,S, Mr,"(30, 40]","(0, 20]",1
1229,3,male,0,2,M,C, Mr,"(30, 40]","(0, 20]",3
1230,2,male,0,0,M,S, Mr,"(20, 30]","(0, 20]",1
1231,3,male,0,0,M,C,Nobility,"(20, 30]","(0, 20]",1
1232,2,male,0,0,M,S, Mr,"(10, 20]","(0, 20]",1
1233,3,male,0,0,M,S, Mr,"(30, 40]","(0, 20]",1
1234,3,male,1,9,M,S, Mr,"(20, 30]","(0, 20]",11
1235,1,female,0,1,B,C,Mrs,"(50, 60]","(80, 150]",2
1236,3,male,1,1,M,S,Nobility,"(20, 30]","(0, 20]",3
1237,3,female,0,0,M,S,Ms,"(10, 20]","(0, 20]",1
1238,2,male,0,0,M,S, Mr,"(20, 30]","(0, 20]",1
1239,3,female,0,0,M,C,Mrs,"(30, 40]","(0, 20]",1
1240,2,male,0,0,M,S, Mr,"(20, 30]","(0, 20]",1
1241,2,female,0,0,M,S,Ms,"(30, 40]","(0, 20]",1
1242,1,female,0,1,D,C,Mrs,"(40, 50]","(20, 40]",2
1243,2,male,0,0,M,S, Mr,"(20, 30]","(0, 20]",1
1244,2,male,0,0,M,S, Mr,"(10, 20]","(0, 20]",1
1245,2,male,1,2,M,S, Mr,"(40, 50]","(0, 20]",4
1246,3,female,1,2,M,S,Ms,"(0, 10]","(0, 20]",4
1247,1,male,0,0,E,S, Mr,"(40, 50]","(20, 40]",1
1248,1,female,2,0,C,S,Mrs,"(50, 60]","(20, 40]",3
1249,3,male,0,0,M,S, Mr,"(20, 30]","(0, 20]",1
1250,3,male,0,0,M,Q, Mr,"(20, 30]","(0, 20]",1
1251,3,female,1,0,M,S,Mrs,"(20, 30]","(0, 20]",2
1252,3,male,8,2,M,S,Nobility,"(10, 20]","(0, 20]",11
1253,2,female,1,1,M,C,Mrs,"(20, 30]","(0, 20]",3
1254,2,female,0,0,M,S,Mrs,"(30, 40]","(0, 20]",1
1255,3,male,0,0,M,S, Mr,"(20, 30]","(0, 20]",1
1256,1,female,1,0,E,C,Mrs,"(20, 30]","(20, 40]",2
1257,3,female,1,9,M,S,Mrs,"(20, 30]","(0, 20]",11
1258,3,male,1,0,M,C, Mr,"(20, 30]","(0, 20]",2
1259,3,female,0,0,M,S,Ms,"(20, 30]","(0, 20]",1
1260,1,female,0,1,M,C,Mrs,"(40, 50]","(20, 40]",2
1261,2,male,0,0,M,C, Mr,"(20, 30]","(0, 20]",1
1262,2,male,1,0,M,S, Mr,"(20, 30]","(0, 20]",2
1263,1,female,0,0,E,C,Ms,"(30, 40]","(20, 40]",1
1264,1,male,0,0,B,S, Mr,"(40, 50]",,1
1265,2,male,0,0,M,S, Mr,"(40, 50]","(0, 20]",1
1266,1,female,1,1,A,S,Mrs,"(50, 60]","(20, 40]",3
1267,1,female,0,0,M,C,Ms,"(40, 50]","(20, 40]",1
1268,3,female,2,0,M,S,Ms,"(20, 30]","(0, 20]",3
1269,2,male,0,0,M,S, Mr,"(20, 30]","(0, 20]",1
1270,1,male,0,0,C,S, Mr,"(50, 60]","(40, 60]",1
1271,3,male,4,2,M,S,Nobility,"(0, 10]","(0, 20]",7
1272,3,male,0,0,M,Q, Mr,"(20, 30]","(0, 20]",1
1273,3,male,0,0,M,Q, Mr,"(20, 30]","(0, 20]",1
1274,3,female,0,0,M,S,Mrs,"(20, 30]","(0, 20]",1
1275,3,female,1,0,M,S,Mrs,"(10, 20]","(0, 20]",2
1276,2,male,0,0,M,S, Mr,"(20, 30]","(0, 20]",1
1277,2,female,1,2,M,S,Ms,"(20, 30]","(0, 20]",4
1278,3,male,0,0,M,S, Mr,"(20, 30]","(0, 20]",1
1279,2,male,0,0,M,S, Mr,"(50, 60]","(0, 20]",1
1280,3,male,0,0,M,Q, Mr,"(20, 30]","(0, 20]",1
1281,3,male,3,1,M,S,Nobility,"(0, 10]","(0, 20]",5
1282,1,male,0,0,B,S, Mr,"(20, 30]","(20, 40]",1
1283,1,female,0,1,D,S,Mrs,"(50, 60]","(0, 20]",2
1284,3,male,0,2,M,S,Nobility,"(10, 20]","(0, 20]",3
1285,2,male,0,0,M,S, Mr,"(40, 50]","(0, 20]",1
1286,3,male,3,1,M,S, Mr,"(20, 30]","(0, 20]",5
1287,1,female,1,0,C,S,Mrs,"(10, 20]","(20, 40]",2
1288,3,male,0,0,M,Q, Mr,"(20, 30]","(0, 20]",1
1289,1,female,1,1,B,C,Mrs,"(40, 50]","(20, 40]",3
1290,3,male,0,0,M,S, Mr,"(20, 30]","(0, 20]",1
1291,3,male,0,0,M,Q, Mr,"(30, 40]","(0, 20]",1
1292,1,female,0,0,C,S,Ms,"(20, 30]","(40, 60]",1
1293,2,male,1,0,M,S, Mr,"(30, 40]","(0, 20]",2
1294,1,female,0,1,M,C,Ms,"(20, 30]","(20, 40]",2
1295,1,male,0,0,M,S, Mr,"(10, 20]","(20, 40]",1
1296,1,male,1,0,D,C, Mr,"(40, 50]","(20, 40]",2
1297,2,male,0,0,D,C, Mr,"(10, 20]","(0, 20]",1
1298,2,male,1,0,M,S, Mr,"(20, 30]","(0, 20]",2
1299,1,male,1,1,C,C, Mr,"(40, 50]","(40, 60]",3
1300,3,female,0,0,M,Q,Ms,"(20, 30]","(0, 20]",1
1301,3,female,1,1,M,S,Ms,"(0, 10]","(0, 20]",3
1302,3,female,0,0,M,Q,Ms,"(20, 30]","(0, 20]",1
1303,1,female,1,0,C,Q,Mrs,"(30, 40]","(20, 40]",2
1304,3,female,0,0,M,S,Ms,"(20, 30]","(0, 20]",1
1305,3,male,0,0,M,S, Mr,"(20, 30]","(0, 20]",1
1306,1,female,0,0,C,C,Nobility,"(30, 40]","(20, 40]",1
1307,3,male,0,0,M,S, Mr,"(30, 40]","(0, 20]",1
1308,3,male,0,0,M,S, Mr,"(20, 30]","(0, 20]",1
1309,3,male,1,1,M,C,Nobility,"(20, 30]","(0, 20]",3
